{"type":"FeatureCollection","crs":{"type":"name","properties":{"name":"EPSG:4326"}},"features":[{"type":"Feature","id":4340,"geometry":{"type":"LineString","coordinates":[[0.235719901956451,50.8855021463222],[0.236007647225609,50.8854949511602],[0.236408168551662,50.8854548272405],[0.236696267552346,50.8854363542925],[0.236840562309404,50.8854336788182],[0.237172344732497,50.8854734328424],[0.237944788688697,50.8856817946642],[0.238885764082761,50.8859722388122],[0.239700795289537,50.8862125834919],[0.240422554503625,50.8864415028293]]},"properties":{"OBJECTID":4340,"StatusDescr":"Footpath","Path_Name":"Hellingly 1","Shape__Length":355.94100634214834,"GlobalID":"fe30de41-0ce2-44fb-ae01-a2882af5d532"}},{"type":"Feature","id":4341,"geometry":{"type":"LineString","coordinates":[[0.246804228965972,50.8808937486881],[0.24678735995428,50.8809792254194],[0.246859988068231,50.8812267041228],[0.246929701203801,50.881408782558],[0.246994970355839,50.8814861960413],[0.247017871683866,50.8815381712727],[0.247043056268708,50.8816425177959],[0.247202836108803,50.8817574154804],[0.247330143521931,50.8818402051264],[0.24743663495199,50.881916824582],[0.247491091774877,50.8819813230768],[0.247533457971677,50.8820066793106],[0.247579436268894,50.8821171934867],[0.247655819107707,50.8822139973697],[0.247699352798468,50.8822655751133],[0.247847708777291,50.8823545189377],[0.248067756634264,50.8824356042795],[0.248194859668719,50.8825118341188],[0.248322921634209,50.8826076420479],[0.248494568074129,50.8827616834807],[0.248570451221226,50.8828453662135],[0.248650596534151,50.883027241674],[0.248751556700567,50.8832153732496],[0.248775606775119,50.8832934980889],[0.248804538079201,50.8834829284853],[0.248819627619396,50.883593942903],[0.248813369724228,50.8836857755695],[0.248787221758867,50.883797596292],[0.248821577002915,50.8838755117536],[0.249105550734328,50.8842369802976],[0.249139903279798,50.884314989458],[0.249189347106756,50.884504020423],[0.249226506309818,50.8846473429294],[0.249242825932556,50.8847846004693],[0.249249383444552,50.8849351655102],[0.249258215010402,50.885138013964],[0.249264451408942,50.8852819396145],[0.249288180821284,50.8853535924387],[0.249217799499355,50.8854385577091],[0.249119499146441,50.8855304277432],[0.248998211267792,50.8856377514441],[0.248923025229354,50.8857336800038],[0.248782166681189,50.8858148819517],[0.248700335538755,50.8858295007111],[0.248629017544411,50.8858504724837],[0.248620681064803,50.8858964928449],[0.248543622129845,50.8860223177747],[0.248549343219791,50.8861532230356],[0.248552767269255,50.8862317346984],[0.248503530322773,50.8862851094769],[0.248363166058427,50.8863793433511],[0.248256962171964,50.8865451226253],[0.248134593264048,50.8868158658165],[0.247997852403921,50.8872310213956]]},"properties":{"OBJECTID":4341,"StatusDescr":"Footpath","Path_Name":"Hellingly 10","Shape__Length":786.0733468702109,"GlobalID":"1f124960-50f7-43f1-9cc6-53f25f9143f6"}},{"type":"Feature","id":4342,"geometry":{"type":"LineString","coordinates":[[0.214792898969321,50.8856612966116],[0.214402230583656,50.8849942647246],[0.21404909116909,50.8844297571295],[0.213553769845113,50.8836201828022],[0.213023911386454,50.8827699725583]]},"properties":{"OBJECTID":4342,"StatusDescr":"Bridleway","Path_Name":"Hellingly 11a","Shape__Length":344.8830939279498,"GlobalID":"9ad9d675-c4be-49d9-934e-5afc5669d8e8"}},{"type":"Feature","id":4343,"geometry":{"type":"LineString","coordinates":[[0.215252608148261,50.886429435945],[0.21480441531691,50.8856748395313]]},"properties":{"OBJECTID":4343,"StatusDescr":"Bridleway","Path_Name":"Hellingly 11b","Shape__Length":89.66799061753481,"GlobalID":"023ef575-453b-49e8-a61b-e7ff47dba54f"}},{"type":"Feature","id":4344,"geometry":{"type":"LineString","coordinates":[[0.236309258065577,50.8803808130491],[0.236342081481266,50.8803475166734],[0.236551677176686,50.8801864246278],[0.236953808753309,50.8799568791308],[0.237169720585483,50.8798313794171],[0.237371623818105,50.8797275648842],[0.237771515239685,50.8795351815274],[0.238373667537604,50.8793865148965],[0.239243755171747,50.8792328934353],[0.239816117770823,50.8791109620528],[0.240278106039816,50.8790630668068],[0.240484525160423,50.8790657542753],[0.240702712827506,50.8791010366687],[0.241439468104745,50.8792053028681],[0.241897490274163,50.8793016163575],[0.242310960808082,50.8793201067753],[0.242590036351222,50.8793346109904],[0.243033171707499,50.8793263630148],[0.243179890873905,50.879676024545]]},"properties":{"OBJECTID":4344,"StatusDescr":"Footpath","Path_Name":"Hellingly 12","Shape__Length":562.2935039831768,"GlobalID":"d0f826c2-1930-417e-be55-cf150edf4e88"}},{"type":"Feature","id":4345,"geometry":{"type":"LineString","coordinates":[[0.279349688717542,50.9026811337986],[0.279778177069419,50.902692560115],[0.280381982485844,50.9026609704425],[0.281097908780921,50.902574383259]]},"properties":{"OBJECTID":4345,"StatusDescr":"Footpath","Path_Name":"Hellingly 13","Shape__Length":124.05485010181883,"GlobalID":"dda25a98-5465-4253-aaf5-12153a1ccbbf"}},{"type":"Feature","id":4346,"geometry":{"type":"LineString","coordinates":[[0.229609079915752,50.8819847153728],[0.229669076298797,50.8817019633849],[0.229817282568942,50.8813127740209],[0.229954384424523,50.8809042017514],[0.230063139691178,50.8805550571518],[0.230218390809225,50.8803236228977],[0.230095821008895,50.8802509457096],[0.229992818343244,50.8801743527463],[0.229849786032147,50.8800396032209],[0.229867737788531,50.8797802693357],[0.229884634169026,50.8796374734042],[0.229908508016712,50.8795170386261],[0.229947650481532,50.8793438357845],[0.230004048429715,50.8792477949829],[0.230029003661417,50.8788136426837]]},"properties":{"OBJECTID":4346,"StatusDescr":"Footpath","Path_Name":"Hellingly 14a","Shape__Length":368.8351691387742,"GlobalID":"7f4a675d-9739-49b4-bc90-65688455a159"}},{"type":"Feature","id":4347,"geometry":{"type":"LineString","coordinates":[[0.230666196760555,50.8853053942476],[0.230546754210009,50.8849277127756],[0.230440396054701,50.8846153211424],[0.23036331954005,50.8842630738742],[0.230294095486662,50.8838516967828],[0.230242342949546,50.8836103722462],[0.230156729326567,50.8832975849069],[0.230030681895791,50.8827694223086],[0.229934751911142,50.8824567383622],[0.22989508059083,50.8822544714442],[0.229881700972307,50.8821827026958],[0.229807580727946,50.8821381774571],[0.229615282823333,50.8819845968723]]},"properties":{"OBJECTID":4347,"StatusDescr":"Footpath","Path_Name":"Hellingly 14b","Shape__Length":380.9156452976897,"GlobalID":"811f136c-80d7-48d6-b612-766a2c7c3c69"}},{"type":"Feature","id":4348,"geometry":{"type":"LineString","coordinates":[[0.225684580220667,50.8798768450541],[0.225886736356692,50.8801774874603],[0.225959963067819,50.8802180002902],[0.226036307466783,50.8803149024803],[0.226060317624922,50.8803930317024],[0.226146148305441,50.8804700545965],[0.226248390346983,50.8804485175851],[0.226481792999829,50.8806014094794],[0.226525083691583,50.8806464251513],[0.226672447087839,50.880715737929],[0.226875043203895,50.8808692167892],[0.22694801177698,50.8808875227656],[0.227030465853056,50.8808860384492],[0.227152495422633,50.8808445075196],[0.22726360534868,50.8807900493639],[0.227394993823729,50.8807286520798],[0.227425607038941,50.8807216012563],[0.227692305852719,50.8809262749018],[0.227969819767939,50.8811437780352],[0.228300445433095,50.8813931721931],[0.228827278233313,50.8816519549401],[0.229300420495329,50.881859334959],[0.229615282823333,50.8819845968723]]},"properties":{"OBJECTID":4348,"StatusDescr":"Footpath","Path_Name":"Hellingly 15","Shape__Length":402.0042330819418,"GlobalID":"c13208c7-918e-49d6-b907-b57241d35db1"}},{"type":"Feature","id":4349,"geometry":{"type":"LineString","coordinates":[[0.222390521975489,50.880418710851],[0.222471547960855,50.8805948616472],[0.22254394742685,50.8806915210394],[0.222764705031271,50.8808527555826],[0.222874708261871,50.8809474061734],[0.223235500630206,50.8813543002426],[0.223381924266667,50.8815088812482],[0.22382651627285,50.881895625458],[0.223963598458762,50.8819267141254],[0.224173523292285,50.882063642457],[0.22458912074154,50.8823498349279],[0.224895357860656,50.8825768376291],[0.225208177500121,50.8827959883287],[0.225347192464258,50.8829113115716]]},"properties":{"OBJECTID":4349,"StatusDescr":"Footpath","Path_Name":"Hellingly 16a","Shape__Length":351.1082413745947,"GlobalID":"28430a56-9cb1-4fd0-bdeb-aaad420eddb7"}},{"type":"Feature","id":4350,"geometry":{"type":"LineString","coordinates":[[0.225351862512378,50.8829082023993],[0.225822232230616,50.8832474844438],[0.226281764842448,50.8836189578577],[0.226569402569392,50.8838298018968],[0.226907146590684,50.8840069672143],[0.227339770188617,50.8842347265185],[0.227563014898292,50.8843878033684],[0.227776754234486,50.8845607703647],[0.227957326581801,50.8846818604176],[0.227990306919709,50.884727079691]]},"properties":{"OBJECTID":4350,"StatusDescr":"Footpath","Path_Name":"Hellingly 16b","Shape__Length":275.77388873465185,"GlobalID":"bfa4e2ef-71ad-4741-9eee-0e1144efba0b"}},{"type":"Feature","id":4351,"geometry":{"type":"LineString","coordinates":[[0.228191117221396,50.8850940302223],[0.228040751122641,50.8847563864146],[0.227999546611849,50.8847177124881]]},"properties":{"OBJECTID":4351,"StatusDescr":"Footpath","Path_Name":"Hellingly 16c","Shape__Length":44.208404303028416,"GlobalID":"fd3f2873-da95-44e2-bd4a-5c86099ec7ec"}},{"type":"Feature","id":4352,"geometry":{"type":"LineString","coordinates":[[0.218682718128178,50.8812035388435],[0.218949046752887,50.8815425801352],[0.219485046411286,50.8820623042379],[0.219814629081513,50.8823588391862]]},"properties":{"OBJECTID":4352,"StatusDescr":"Footpath","Path_Name":"Hellingly 17a","Shape__Length":151.46614140126314,"GlobalID":"dc9b2f16-0718-4577-a6c6-83adeb1fec4c"}},{"type":"Feature","id":4353,"geometry":{"type":"LineString","coordinates":[[0.219719312380286,50.8823760746721],[0.21997766555003,50.8823557381286],[0.220324416556781,50.8825556113397],[0.220492031622914,50.8826487750835],[0.22064648868939,50.8826940054395],[0.220754202467162,50.88267131599],[0.220997894040938,50.8827630197109],[0.221256054766576,50.8829301683387],[0.221338689697953,50.883066227152],[0.221441095857794,50.8831606306369],[0.221623194576105,50.8833292144884],[0.222100979873905,50.883550504448],[0.222605865982031,50.8837769982286],[0.22291153768004,50.8839286135842],[0.223165544561877,50.8840811236384],[0.223327557936451,50.884248423137],[0.223487491910171,50.8843699059998]]},"properties":{"OBJECTID":4353,"StatusDescr":"Footpath","Path_Name":"Hellingly 17b","Shape__Length":361.21660797256783,"GlobalID":"87c9e569-3a9d-4e8c-a17a-ec56a0def5bd"}},{"type":"Feature","id":4354,"geometry":{"type":"LineString","coordinates":[[0.223176380856567,50.8845721152712],[0.223772593199109,50.8847642218284],[0.224242888792,50.8849062235324],[0.224546300239712,50.8850053729261],[0.224755019470307,50.885060553318]]},"properties":{"OBJECTID":4354,"StatusDescr":"Footpath","Path_Name":"Hellingly 17c","Shape__Length":123.69933399647977,"GlobalID":"20438b78-cea0-41aa-8ac4-41d2a8e3afa6"}},{"type":"Feature","id":4355,"geometry":{"type":"LineString","coordinates":[[0.224755019470307,50.885060553318],[0.225105821615707,50.8853029261061],[0.225221269447375,50.8853466736979],[0.225461093311317,50.8854077371607],[0.225669502830908,50.8854563581257],[0.225813800407737,50.8854536998333],[0.226048726583663,50.8856063670117]]},"properties":{"OBJECTID":4355,"StatusDescr":"Footpath","Path_Name":"Hellingly 17d","Shape__Length":113.70209966974431,"GlobalID":"ee0a5bec-502f-44e4-ba78-69e1df1ef113"}},{"type":"Feature","id":4356,"geometry":{"type":"LineString","coordinates":[[0.223487491910171,50.8843699059998],[0.223660759889648,50.8843209251357],[0.223770439871412,50.8842337796546],[0.223870111654131,50.8841532922456],[0.22403339243417,50.8841109784899],[0.224217775631977,50.8840813996579],[0.224475265249501,50.8840701974374],[0.224628724865287,50.8840411003201],[0.224759323012514,50.8839601197734],[0.224908589529016,50.8838329264886],[0.22499631899545,50.8837134709006],[0.225053335925122,50.8836010673349],[0.225058804588,50.8834896537047],[0.225021724634608,50.8833462264875],[0.225017202095654,50.8832414806852],[0.225092874766916,50.8830829626428],[0.225351570728513,50.8829020804696]]},"properties":{"OBJECTID":4356,"StatusDescr":"Footpath","Path_Name":"Hellingly 18a","Shape__Length":236.40384356912668,"GlobalID":"adeb561d-837b-4193-972f-7deca788d608"}},{"type":"Feature","id":4357,"geometry":{"type":"MultiLineString","coordinates":[[[0.223183388714448,50.8845658120022],[0.223478574555812,50.8843674874576]],[[0.222177561183577,50.8858151984712],[0.222183360116447,50.8857103457551],[0.22222213590427,50.8856506240324],[0.222268228955711,50.8855253993082],[0.222365968743518,50.8853990976031],[0.222552582084908,50.8851795676533],[0.222869169773974,50.8848659569589],[0.223176380856567,50.8845721152712]]]},"properties":{"OBJECTID":4357,"StatusDescr":"Footpath","Path_Name":"Hellingly 18b","Shape__Length":187.40401020957583,"GlobalID":"75db03f4-8e2e-4f06-bc57-1092edc28bae"}},{"type":"Feature","id":4358,"geometry":{"type":"LineString","coordinates":[[0.204279205576111,50.8832624043592],[0.204346082946608,50.8836214163468],[0.204326930851776,50.884139139369],[0.204224387261582,50.8851233624655]]},"properties":{"OBJECTID":4358,"StatusDescr":"Footpath","Path_Name":"Hellingly 19a","Shape__Length":207.53704217375807,"GlobalID":"f446d794-a384-4869-bfcd-a3ba47d7b59b"}},{"type":"Feature","id":4359,"geometry":{"type":"LineString","coordinates":[[0.204279205576111,50.8832624043592],[0.204244734852613,50.8831779037658],[0.204232434208325,50.8828898744158]]},"properties":{"OBJECTID":4359,"StatusDescr":"Footpath","Path_Name":"Hellingly 19b","Shape__Length":41.758750924862,"GlobalID":"969e87a2-ba33-4531-b4c6-2dcd717ce3ac"}},{"type":"Feature","id":4360,"geometry":{"type":"LineString","coordinates":[[0.204232434208325,50.8828898744158],[0.204226843152579,50.8827590768273],[0.204196778978842,50.8825369298794],[0.204190384170712,50.8823863592688],[0.204192352216586,50.8821898620791],[0.204185146450275,50.882019698458],[0.204204067566934,50.8817377357112]]},"properties":{"OBJECTID":4360,"StatusDescr":"Footpath","Path_Name":"Hellingly 19c","Shape__Length":128.29775402740592,"GlobalID":"6a9a4863-0cb7-43f6-85da-92d4b6a55283"}},{"type":"Feature","id":4361,"geometry":{"type":"LineString","coordinates":[[0.256857161599509,50.8803765917324],[0.256847922840497,50.8803410755477],[0.25688059443893,50.8803166477448],[0.257062896404519,50.8802750483156],[0.257271502355313,50.8802329389184],[0.257371701491677,50.8802048250292],[0.257540119422501,50.8801872893808],[0.257743279013961,50.8801881186802],[0.25793631203807,50.8800053628798],[0.258095451511291,50.8798713680745]]},"properties":{"OBJECTID":4361,"StatusDescr":"Footpath","Path_Name":"Hellingly 2","Shape__Length":113.72900118158476,"GlobalID":"4c1e6515-716a-41d6-b069-ec98300bdb21"}},{"type":"Feature","id":4362,"geometry":{"type":"LineString","coordinates":[[0.214792898969321,50.8856612966116],[0.214905792963583,50.8855948572348],[0.215344182051785,50.885233178868],[0.215740027000153,50.8848394889638],[0.215939111765294,50.8846720735353]]},"properties":{"OBJECTID":4362,"StatusDescr":"Footpath","Path_Name":"Hellingly 20a","Shape__Length":136.7511255023506,"GlobalID":"b4c28666-713f-465b-a263-1b4c85e51693"}},{"type":"Feature","id":4363,"geometry":{"type":"LineString","coordinates":[[0.215939111765294,50.8846720735353],[0.216238501845942,50.8844373813755],[0.21662014073375,50.8841946561767],[0.217082827937618,50.8839176543159],[0.21734147722257,50.8836967711413],[0.217701067735416,50.883421644222],[0.217809751512822,50.8833083515184],[0.218273720139538,50.8830640568396],[0.219244737105295,50.8826140095731],[0.219719312380286,50.8823760746721]]},"properties":{"OBJECTID":4363,"StatusDescr":"Footpath","Path_Name":"Hellingly 20b","Shape__Length":371.28105122590654,"GlobalID":"55190b05-d340-4318-899c-7cf4fd232768"}},{"type":"Feature","id":4364,"geometry":{"type":"LineString","coordinates":[[0.215939111765294,50.8846720735353],[0.215896930736261,50.8844108659193],[0.215893685632906,50.8843323501686],[0.215867120598242,50.8841952838885],[0.215535238257233,50.8836709234429],[0.215115366849962,50.8828266479036],[0.214741792484182,50.8822900496871]]},"properties":{"OBJECTID":4364,"StatusDescr":"Footpath","Path_Name":"Hellingly 21a","Shape__Length":279.80992069393676,"GlobalID":"353ac812-1da1-44cd-963d-2f281b9dfecd"}},{"type":"Feature","id":4365,"geometry":{"type":"LineString","coordinates":[[0.215939111765294,50.8846720735353],[0.216005133564571,50.8847690875613],[0.216727905940717,50.8852667875996],[0.217195238510522,50.8855790804805]]},"properties":{"OBJECTID":4365,"StatusDescr":"Footpath","Path_Name":"Hellingly 21b","Shape__Length":134.76029835237117,"GlobalID":"14205a6c-2eed-4c38-9b7d-9a0a74308dea"}},{"type":"Feature","id":4366,"geometry":{"type":"LineString","coordinates":[[0.219959209430256,50.8894122103276],[0.219349270109862,50.8891417354192],[0.218793593765942,50.8889358007592],[0.218626229571564,50.8888800034274],[0.21851078058341,50.888836255629],[0.218436999059903,50.8887982767386],[0.218135504620994,50.88874484462],[0.217949460281827,50.8887351601677],[0.217875554146423,50.8886972687349],[0.217803706555383,50.8887051077636],[0.217752179162345,50.8887060868732],[0.21762866369919,50.8887149120467],[0.217565693224899,50.8886898536958],[0.217461297170827,50.8886590186639],[0.217044446932826,50.8882597067566],[0.216496690903676,50.8878127838118],[0.216090734841289,50.8873731032864],[0.215774265158258,50.8870853093314],[0.215611464234592,50.886898324265],[0.215492766357823,50.8867760470665],[0.215271804225138,50.8864330001014]]},"properties":{"OBJECTID":4366,"StatusDescr":"Footpath","Path_Name":"Hellingly 22a","Shape__Length":492.5790520945766,"GlobalID":"6a4f2dc8-865b-4235-80c8-887411afd284"}},{"type":"Feature","id":4367,"geometry":{"type":"LineString","coordinates":[[0.221594922147861,50.8909868296457],[0.221497127198516,50.8908707287932],[0.221278560477043,50.8905865363612],[0.220828184519401,50.8901887922892],[0.220398740467426,50.8897971229583],[0.220163444765496,50.8896049586667],[0.219959209430256,50.8894122103276]]},"properties":{"OBJECTID":4367,"StatusDescr":"Footpath","Path_Name":"Hellingly 22b","Shape__Length":210.07642314712754,"GlobalID":"a4425796-60af-4222-8d45-5c1b2b0a7149"}},{"type":"Feature","id":4368,"geometry":{"type":"LineString","coordinates":[[0.222463661042176,50.8917567585513],[0.22217435095057,50.8915066433827],[0.22193915178196,50.8913144888772],[0.221712329888065,50.8910763139717],[0.221594922147861,50.8909868296457]]},"properties":{"OBJECTID":4368,"StatusDescr":"Footpath","Path_Name":"Hellingly 22c","Shape__Length":105.36848083956542,"GlobalID":"061751bd-e400-4889-a3f5-25e8e52fb878"}},{"type":"Feature","id":4369,"geometry":{"type":"LineString","coordinates":[[0.222463661042176,50.8917567585513],[0.222624550329169,50.8918979191273],[0.222741013665555,50.8919678048599],[0.222866475413148,50.8920048004265],[0.222993437251292,50.8920810595616],[0.223225062287842,50.892188132702],[0.223299165776203,50.8922326742663],[0.223352776127697,50.8922775018316],[0.223407086552905,50.8923420134373],[0.223472639935188,50.8924259093083],[0.223589106656283,50.8924958121262],[0.223705575857642,50.8925657894308],[0.223948024987347,50.892685695992],[0.224188510016919,50.8927598734451],[0.224398904329536,50.8928542286436],[0.224493923169583,50.8929049336542],[0.224601039100682,50.8929946940021],[0.224681107504334,50.8931765873104],[0.224738804092128,50.8933196120174],[0.22489154729288,50.8935132545177],[0.225087285108691,50.89374544861],[0.225311054194678,50.893911571659],[0.225536080412845,50.8941039107325],[0.22586634773747,50.8943467691475],[0.226015704333375,50.8944618830377],[0.226124774441555,50.8945974634126],[0.226244324326212,50.8947393004765],[0.226290903007442,50.8948628588677],[0.226309135290284,50.8950459350063]]},"properties":{"OBJECTID":4369,"StatusDescr":"Footpath","Path_Name":"Hellingly 22d","Shape__Length":470.5431694811974,"GlobalID":"c7b3ce3e-f7c4-44a6-864a-145b330155f2"}},{"type":"Feature","id":4370,"geometry":{"type":"LineString","coordinates":[[0.227756529030118,50.8969088211306],[0.227642773993382,50.8967831358561],[0.227254649380391,50.8963973591464],[0.226997355516664,50.8961728996401],[0.226770684130163,50.8959412880682],[0.226630494258562,50.8957997454516],[0.226531742613506,50.8956640694439],[0.226410226342771,50.8954763035851],[0.226362821106486,50.8953330798011],[0.226309135290284,50.8950459350063]]},"properties":{"OBJECTID":4370,"StatusDescr":"Footpath","Path_Name":"Hellingly 22e","Shape__Length":234.31283576342875,"GlobalID":"d048e70b-22de-4e97-b0ec-a30736c6cf11"}},{"type":"Feature","id":4371,"geometry":{"type":"LineString","coordinates":[[0.227920863002969,50.8977645715087],[0.227896330593429,50.8975931909655],[0.228107601984142,50.8975501051431],[0.228114937310882,50.8973410122359],[0.228084899177894,50.8972653565827],[0.227990679433986,50.8971959410109],[0.227908174171939,50.8970763158245],[0.227756529073003,50.8969088220292]]},"properties":{"OBJECTID":4371,"StatusDescr":"Footpath","Path_Name":"Hellingly 22f","Shape__Length":112.86298146293227,"GlobalID":"8b4860a9-99a7-4be1-9e7a-94dcbbbe8a58"}},{"type":"Feature","id":4372,"geometry":{"type":"LineString","coordinates":[[0.231310366771054,50.9043641727689],[0.231263562916952,50.9041155892787],[0.231272354358711,50.9039343861348],[0.231208201057939,50.9037269725562],[0.231212217044833,50.9035828505338],[0.231253343527883,50.9033815468467],[0.231376951109387,50.9031784757594],[0.231385215302386,50.9030859987528],[0.231331227107395,50.903018793671],[0.231131743125266,50.9028299309921],[0.230950350588817,50.9026206398658],[0.230670830499924,50.9022763375806],[0.230474555172497,50.9019633982739],[0.230283354265088,50.9016678358073],[0.230151354212351,50.9015761825268],[0.229365544622735,50.9009704013199],[0.228668318061552,50.9003708652086],[0.228275848015351,50.8994411055],[0.22831343961526,50.8992877301307],[0.228354445308129,50.8991739352838],[0.228399475908962,50.8990908269867],[0.227920828948437,50.8977638580483]]},"properties":{"OBJECTID":4372,"StatusDescr":"Footpath","Path_Name":"Hellingly 22g","Shape__Length":803.057932891409,"GlobalID":"4ec39570-9f68-4c9a-a10f-b43ca2772550"}},{"type":"Feature","id":4373,"geometry":{"type":"LineString","coordinates":[[0.231068771177772,50.9050393835568],[0.231160121483071,50.9050050051802],[0.231244972581697,50.9049681553429],[0.231329125558208,50.9049025187349],[0.231360320571298,50.9048246483],[0.231400606486342,50.9047179038485],[0.231377463098723,50.9045991338966],[0.231355067421159,50.9044957902597],[0.231313958431555,50.9043663174947]]},"properties":{"OBJECTID":4373,"StatusDescr":"Footpath","Path_Name":"Hellingly 22h","Shape__Length":84.86411383258869,"GlobalID":"ff8e4741-f66e-4b28-9ec0-9e123bb597aa"}},{"type":"Feature","id":4374,"geometry":{"type":"LineString","coordinates":[[0.228495773756355,50.878931292799],[0.22833591014297,50.878766079614],[0.228100164341444,50.8785771501789],[0.227831238599615,50.878412761052],[0.227459364990625,50.8782508731292],[0.226680909319497,50.8780368961146],[0.225915858900588,50.8777563134414],[0.225747385986731,50.8776742029486],[0.225672062083829,50.8776036150291],[0.225180805937236,50.8769707320125],[0.224774159772976,50.8763888407606],[0.224599733520899,50.8761693641588],[0.224374656211699,50.8762127675236],[0.224249237588798,50.8761757720773],[0.223432010318434,50.8758763802423],[0.222353102052848,50.8754804356287],[0.22160305135591,50.8755563235047],[0.221287173199815,50.8756473079563],[0.221029552933285,50.8756520319971]]},"properties":{"OBJECTID":4374,"StatusDescr":"Footpath","Path_Name":"Hellingly 23","Shape__Length":705.9135378297667,"GlobalID":"08bcbd46-102d-4203-bc43-7a16b32234d4"}},{"type":"Feature","id":4375,"geometry":{"type":"LineString","coordinates":[[0.214712166540798,50.8805880726147],[0.214932084822972,50.8809049713228],[0.215156951153765,50.8809835275982],[0.215668228364428,50.8818110752146]]},"properties":{"OBJECTID":4375,"StatusDescr":"Footpath","Path_Name":"Hellingly 24","Shape__Length":155.41057578160687,"GlobalID":"31fe1ec3-d1f3-4dbb-81a4-b92e47cad1f7"}},{"type":"Feature","id":4376,"geometry":{"type":"LineString","coordinates":[[0.218311424655943,50.8789823810679],[0.217757326643255,50.8786033054004],[0.217753779429961,50.8786062319439]]},"properties":{"OBJECTID":4376,"StatusDescr":"Footpath","Path_Name":"Hellingly 25","Shape__Length":57.844124691521706,"GlobalID":"0c8d781c-b045-4023-919f-6a8a40585dd5"}},{"type":"Feature","id":4377,"geometry":{"type":"LineString","coordinates":[[0.216661066468447,50.8792555614875],[0.217926793376579,50.8790494830856],[0.218324449017122,50.8789821335093]]},"properties":{"OBJECTID":4377,"StatusDescr":"Footpath","Path_Name":"Hellingly 26","Shape__Length":120.94790239158829,"GlobalID":"26b11192-59c2-45fa-bd10-7bb6a3c5985d"}},{"type":"Feature","id":4378,"geometry":{"type":"LineString","coordinates":[[0.216079581390043,50.8785714139608],[0.21617794892715,50.8785811598263],[0.216319436895411,50.8785668053332],[0.216879744782137,50.8787719470748],[0.217326494356952,50.878907298456]]},"properties":{"OBJECTID":4378,"StatusDescr":"Footpath","Path_Name":"Hellingly 27a","Shape__Length":97.5090568905971,"GlobalID":"05ccbebc-5973-4dca-97dd-8b0eff3e551f"}},{"type":"Feature","id":4379,"geometry":{"type":"LineString","coordinates":[[0.217323618205768,50.8789073530996],[0.218085779523672,50.8789660514056],[0.218314779287705,50.8789843786903]]},"properties":{"OBJECTID":4379,"StatusDescr":"Footpath","Path_Name":"Hellingly 27b","Shape__Length":70.27709673449466,"GlobalID":"c878ce43-bc1d-4532-a692-a9a12507e9ff"}},{"type":"Feature","id":4380,"geometry":{"type":"LineString","coordinates":[[0.21832464472325,50.8789862534588],[0.219256195510815,50.8796058621041],[0.219599904279426,50.8798300264879],[0.219900370270538,50.880049048578],[0.220495713564594,50.8805659224256]]},"properties":{"OBJECTID":4380,"StatusDescr":"Footpath","Path_Name":"Hellingly 27c","Shape__Length":233.26147493363985,"GlobalID":"0cdd4b9a-a71a-45bd-bff8-10ba50bd3e0e"}},{"type":"Feature","id":4381,"geometry":{"type":"LineString","coordinates":[[0.260486731132049,50.8904367131719],[0.260016499728683,50.8910087550561],[0.25998852235888,50.8910747542943],[0.260011953266295,50.8911398579027],[0.260153699894582,50.8913140488316],[0.260263991891752,50.8914756466264],[0.260237030410224,50.8915678811926],[0.260046911409699,50.891702384265],[0.259753972416516,50.8920812044851],[0.25962021155546,50.8923260192423],[0.259460171233178,50.8926259066429],[0.259437790504784,50.8928305009993],[0.259474650242196,50.8929250587167]]},"properties":{"OBJECTID":4381,"StatusDescr":"Footpath","Path_Name":"Hellingly 28a","Shape__Length":303.20141607156575,"GlobalID":"7ce83f1a-66e9-4b3b-aea3-586971e478aa"}},{"type":"Feature","id":4382,"geometry":{"type":"LineString","coordinates":[[0.260486731132049,50.8904367131719],[0.260830578766094,50.8900438644748],[0.261292178802073,50.8895757838368]]},"properties":{"OBJECTID":4382,"StatusDescr":"Footpath","Path_Name":"Hellingly 28b","Shape__Length":111.31744301213622,"GlobalID":"fa7f06cf-a046-45fb-b043-0b29b41802d5"}},{"type":"Feature","id":4383,"geometry":{"type":"LineString","coordinates":[[0.217762658699698,50.8786053338156],[0.218109237029992,50.8783137114513],[0.218229371194037,50.8780626148363],[0.218636140896795,50.8773201167167],[0.218896332132211,50.8766538520781]]},"properties":{"OBJECTID":4383,"StatusDescr":"Footpath","Path_Name":"Hellingly 29a","Shape__Length":233.5258598472185,"GlobalID":"1d6da563-5fa1-4471-afc2-d7760b74157c"}},{"type":"Feature","id":4384,"geometry":{"type":"LineString","coordinates":[[0.217331971309203,50.8789138453343],[0.217762200451977,50.8786031381367]]},"properties":{"OBJECTID":4384,"StatusDescr":"Footpath","Path_Name":"Hellingly 29b","Shape__Length":45.94879488618066,"GlobalID":"c5a467d9-5f9e-49c0-ab23-d896fcc0e428"}},{"type":"Feature","id":4385,"geometry":{"type":"LineString","coordinates":[[0.216651788853374,50.879255737698],[0.217327193196466,50.8789109987295]]},"properties":{"OBJECTID":4385,"StatusDescr":"Footpath","Path_Name":"Hellingly 29c","Shape__Length":61.07221340427472,"GlobalID":"8c59aaf8-7dff-4ca9-8222-66e779dd25fd"}},{"type":"Feature","id":4386,"geometry":{"type":"LineString","coordinates":[[0.238441141352161,50.8813642237429],[0.238030463829251,50.881704757557],[0.237501292127786,50.8821075460597],[0.237250652032746,50.8822759048016],[0.236988371263886,50.8824117575376],[0.236654473175454,50.8825620124599],[0.235965500482808,50.8828498048885],[0.235501204615436,50.8830876200712],[0.23502556450748,50.8832993958149],[0.234467481107597,50.8835127381321],[0.23383433351991,50.8836619782403]]},"properties":{"OBJECTID":4386,"StatusDescr":"Bridleway","Path_Name":"Hellingly 3a","Shape__Length":418.8205540362749,"GlobalID":"a05ed59e-c011-4815-8609-6f1a8f52515e"}},{"type":"Feature","id":4387,"geometry":{"type":"LineString","coordinates":[[0.233469079959111,50.8845659235846],[0.233427547276489,50.8842692294145],[0.233444781298228,50.884057889291],[0.233441979351953,50.8838849848023],[0.233455061897517,50.8838155512044],[0.233522283300852,50.8837347035649],[0.233639957969106,50.8836983370324],[0.23383433351991,50.8836619782403]]},"properties":{"OBJECTID":4387,"StatusDescr":"Bridleway","Path_Name":"Hellingly 3b","Shape__Length":117.32661432983775,"GlobalID":"3fd51320-618a-44c3-a436-edd1cd3c10ee"}},{"type":"Feature","id":4388,"geometry":{"type":"LineString","coordinates":[[0.204774592265212,50.8830241299979],[0.205478812944041,50.8830899418669],[0.206285779214953,50.8831472507014],[0.206617026759371,50.8831739892238],[0.20684376253274,50.8831697911086],[0.207151842666491,50.8831379793438],[0.207734968531211,50.8830225587191]]},"properties":{"OBJECTID":4388,"StatusDescr":"Footpath","Path_Name":"Hellingly 30a","Shape__Length":211.65535281311895,"GlobalID":"af159120-3edb-4f4f-a6b3-183c3d2606f8"}},{"type":"Feature","id":4389,"geometry":{"type":"LineString","coordinates":[[0.204232434208325,50.8828898744158],[0.204390085635274,50.8829591000377],[0.204577639046578,50.8830015175576],[0.204774592265212,50.8830241299979]]},"properties":{"OBJECTID":4389,"StatusDescr":"Footpath","Path_Name":"Hellingly 30b","Shape__Length":41.60585808951231,"GlobalID":"159b235b-2d79-42b0-b1a3-1fac4ad66248"}},{"type":"Feature","id":4390,"geometry":{"type":"LineString","coordinates":[[0.201902210477134,50.8819433905637],[0.202313898750546,50.882165083625],[0.203101741825906,50.8824979069441],[0.203563558011274,50.882686007162],[0.204012952733974,50.8828219169793],[0.204232434208325,50.8828898744158]]},"properties":{"OBJECTID":4390,"StatusDescr":"Footpath","Path_Name":"Hellingly 30c","Shape__Length":195.60726986227112,"GlobalID":"a44407aa-8af4-4037-8a38-5ba1ca66a61d"}},{"type":"Feature","id":4391,"geometry":{"type":"LineString","coordinates":[[0.204204067566934,50.8817377357112],[0.20493421235344,50.8816851891596],[0.206177415953331,50.8815707962134],[0.207308376118762,50.8814846741504]]},"properties":{"OBJECTID":4391,"StatusDescr":"Footpath","Path_Name":"Hellingly 31a","Shape__Length":220.27828623611947,"GlobalID":"3032ccb5-4f2d-4065-99c9-5f6a5a7ddf71"}},{"type":"Feature","id":4392,"geometry":{"type":"LineString","coordinates":[[0.201902210477134,50.8819433905637],[0.203053296997603,50.8818437991184],[0.204204067566934,50.8817377357112]]},"properties":{"OBJECTID":4392,"StatusDescr":"Footpath","Path_Name":"Hellingly 31b","Shape__Length":163.59093943967673,"GlobalID":"a6e752db-1bb0-4b23-9210-3f2a201999f8"}},{"type":"Feature","id":4393,"geometry":{"type":"LineString","coordinates":[[0.210104078850275,50.8868106921534],[0.210329729538167,50.8867804365989],[0.210977478828059,50.8867293229951],[0.211512333155527,50.886693292572],[0.211861242599147,50.8866955323784],[0.211929655536607,50.8869853552795],[0.212412552194045,50.8869977622917],[0.21341496248787,50.8870383660743]]},"properties":{"OBJECTID":4393,"StatusDescr":"Footpath","Path_Name":"Hellingly 32","Shape__Length":261.837864800542,"GlobalID":"2f0c8abc-74dc-471a-8efb-e0b503338106"}},{"type":"Feature","id":4394,"geometry":{"type":"LineString","coordinates":[[0.211919170960929,50.8902569686413],[0.211954848927132,50.8901471137375],[0.212092647823048,50.8898916685663],[0.212232177252355,50.8894810415117],[0.212321682124854,50.8892609892368],[0.212393986783505,50.8890613740248],[0.212478408526653,50.8888299247486],[0.212697307497192,50.8883689496262],[0.212846942510247,50.8880759285618],[0.213009918572098,50.8877769072578],[0.213142235536954,50.8874754514479],[0.213239589899639,50.8873179472915],[0.213474990436814,50.8870359702898],[0.213476752525642,50.8870338494026]]},"properties":{"OBJECTID":4394,"StatusDescr":"Footpath","Path_Name":"Hellingly 33a","Shape__Length":376.02429067675314,"GlobalID":"80f8d71b-6027-4430-aff2-f9990bd82de5"}},{"type":"Feature","id":4395,"geometry":{"type":"LineString","coordinates":[[0.21341496248787,50.8870383660743],[0.213474990436814,50.8870359702898],[0.213713566093845,50.8870264069854],[0.213981878492379,50.8870280637111],[0.214145472583569,50.8869923216176],[0.214452141291498,50.8869277025323],[0.214788092909368,50.8868233210227],[0.215022925814163,50.8867666273152],[0.215252881230373,50.8864351922121]]},"properties":{"OBJECTID":4395,"StatusDescr":"Footpath","Path_Name":"Hellingly 33b","Shape__Length":159.139067890158,"GlobalID":"2d929209-b095-47bd-9822-085c00296729"}},{"type":"Feature","id":4396,"geometry":{"type":"LineString","coordinates":[[0.205095762130341,50.8871771366525],[0.206016856640751,50.8870032026336],[0.206682677666524,50.8868927808809],[0.207943279915858,50.8866995489145],[0.208856284224443,50.886578061548],[0.209983081845004,50.8864474931231],[0.210104078850275,50.8868106921534]]},"properties":{"OBJECTID":4396,"StatusDescr":"Footpath","Path_Name":"Hellingly 34","Shape__Length":394.87591144275024,"GlobalID":"4eb08c6a-9f24-4339-b5a2-f1cd69143960"}},{"type":"Feature","id":4397,"geometry":{"type":"LineString","coordinates":[[0.210104078850275,50.8868106921534],[0.210242052879251,50.8871421900846],[0.210470313257089,50.8878978175793],[0.210663989594166,50.8885688480912],[0.210755419550619,50.8887767011762],[0.211138342970211,50.889287166905],[0.211765511417959,50.8900817471563],[0.211919362046242,50.8902561097072]]},"properties":{"OBJECTID":4397,"StatusDescr":"Footpath","Path_Name":"Hellingly 35","Shape__Length":407.43415949638353,"GlobalID":"d92cf052-2139-4fe9-969e-dfb0b174fdef"}},{"type":"Feature","id":4398,"geometry":{"type":"LineString","coordinates":[[0.219959209430256,50.8894122103276],[0.219998187606705,50.8893591356077],[0.219704517787337,50.8885261995734],[0.219355958501234,50.8876156248329],[0.219383004064106,50.8875234921183],[0.219491365426752,50.8874036472993],[0.219896556209662,50.8869900672677],[0.220510737993287,50.8863959328162],[0.220784993654756,50.8860568722411],[0.221051823823717,50.8857834913169]]},"properties":{"OBJECTID":4398,"StatusDescr":"Footpath","Path_Name":"Hellingly 36","Shape__Length":442.632037905119,"GlobalID":"de18065b-7311-4d97-b7fa-c3d126ba7236"}},{"type":"Feature","id":4399,"geometry":{"type":"LineString","coordinates":[[0.225956023304763,50.8856409707579],[0.226062041468919,50.8859468099314],[0.226120558738114,50.8861095158533],[0.226164047743089,50.8861611015984],[0.226607436336067,50.8863952256293],[0.227282010050505,50.8867299584611],[0.228234077325918,50.8871561304941]]},"properties":{"OBJECTID":4399,"StatusDescr":"Footpath","Path_Name":"Hellingly 37a","Shape__Length":242.92809518677706,"GlobalID":"115fa8d7-d0cc-48ca-8a82-2cf45a0437ad"}},{"type":"Feature","id":4400,"geometry":{"type":"LineString","coordinates":[[0.228456659330406,50.886759355932],[0.228580048927089,50.8868117634673],[0.228683389949479,50.8868733002331],[0.228883614554483,50.8869925269275],[0.229055247781655,50.8871043613719],[0.229164480364915,50.8871578463237],[0.229210449960262,50.8872006316579],[0.229214520672715,50.8872858956555],[0.22918144800367,50.8873817920025],[0.229128334757074,50.8874522704423],[0.229584248230773,50.8878377875771],[0.22989364643503,50.8880818301817],[0.230212435271012,50.8882986345382],[0.230565069954,50.8885802367485],[0.230740962735638,50.8886648277126]]},"properties":{"OBJECTID":4400,"StatusDescr":"Footpath","Path_Name":"Hellingly 37b","Shape__Length":278.4916877348969,"GlobalID":"d3e3fbee-43aa-4339-aae3-24eba24d6104"}},{"type":"Feature","id":4401,"geometry":{"type":"LineString","coordinates":[[0.228456659330406,50.886759355932],[0.22856445486881,50.8865663627258],[0.228831857881552,50.8863059947886],[0.229204090698528,50.8858472477264],[0.22950034133398,50.8855405637577]]},"properties":{"OBJECTID":4401,"StatusDescr":"Footpath","Path_Name":"Hellingly 38a","Shape__Length":154.64530338674717,"GlobalID":"38e9a209-e4cc-48d2-be72-9b1cae1d21ed"}},{"type":"Feature","id":4402,"geometry":{"type":"LineString","coordinates":[[0.228238967194109,50.8871607804945],[0.228267886304241,50.8870328403902],[0.228156629504799,50.8869610727787],[0.228179769383345,50.8868810543299],[0.228274459974331,50.886793985734],[0.228452388994619,50.8867564847871]]},"properties":{"OBJECTID":4402,"StatusDescr":"Footpath","Path_Name":"Hellingly 38b","Shape__Length":59.55834413299083,"GlobalID":"cb1cd387-fa58-43fc-a485-17cdc9197ac1"}},{"type":"Feature","id":4403,"geometry":{"type":"LineString","coordinates":[[0.230241751936389,50.8855097058265],[0.230637319736214,50.8855940373165],[0.230793994971468,50.8856370742039],[0.231182975398882,50.8858066700914],[0.231436224213391,50.8859395792054],[0.231785239921149,50.8861362028543],[0.23201816197289,50.8862759660051],[0.23252022911724,50.8864369317615],[0.232762150220486,50.8865438825956],[0.232993142144367,50.8866378282616],[0.233194946252698,50.8867716171238]]},"properties":{"OBJECTID":4403,"StatusDescr":"Bridleway","Path_Name":"Hellingly 39a","Shape__Length":253.53046437452014,"GlobalID":"650d6b09-3387-4797-a631-768c4ef17fb7"}},{"type":"Feature","id":4404,"geometry":{"type":"LineString","coordinates":[[0.233194946252698,50.8867716171238],[0.233555622656984,50.8870007410467],[0.233796938823117,50.8870945774898],[0.233985539925572,50.8871630821619],[0.234236009313791,50.8872304804405],[0.234372593532814,50.8872869382543],[0.23488035480932,50.8875788784356],[0.235058801836489,50.887647565025],[0.23534101843981,50.8877340513172],[0.235866935255045,50.8879666595935],[0.236413668605155,50.8882054204555],[0.236645287134044,50.888312470756],[0.236739507456264,50.8883434836889],[0.236811665013342,50.8883421898416],[0.236945860264368,50.8883462751474],[0.237483620218268,50.8883756209635],[0.238218058643197,50.8884209693205],[0.239097419756149,50.8884767466206],[0.239709822869698,50.888563630072]]},"properties":{"OBJECTID":4404,"StatusDescr":"Bridleway","Path_Name":"Hellingly 39b","Shape__Length":517.2086854226638,"GlobalID":"d496d027-bbfa-44f9-9426-cfd14fdc1fc2"}},{"type":"Feature","id":4405,"geometry":{"type":"LineString","coordinates":[[0.256563226068158,50.880420537447],[0.256610219892543,50.8804080572418],[0.256671463006584,50.8804068729819],[0.256706127646387,50.8804188525274]]},"properties":{"OBJECTID":4405,"StatusDescr":"Footpath","Path_Name":"Hellingly 4a","Shape__Length":10.678302984135929,"GlobalID":"7609b19f-0c28-4d72-b105-c33600615aab"}},{"type":"Feature","id":4406,"geometry":{"type":"LineString","coordinates":[[0.256563569788354,50.8804210308596],[0.256596584535595,50.8805083236847],[0.256589159763325,50.8806288438339],[0.256704687982547,50.8809411963452],[0.256687440253161,50.8810824052599],[0.256666126289094,50.8811321379633],[0.256616043130416,50.8811854578987],[0.2564535718408,50.8812868151282],[0.25602956244807,50.8814796719845],[0.255179494963352,50.8820674127818]]},"properties":{"OBJECTID":4406,"StatusDescr":"Footpath","Path_Name":"Hellingly 4b","Shape__Length":228.89684785277927,"GlobalID":"ea36d1e5-8047-47fc-9e1a-90bb8a6b7e8c"}},{"type":"Feature","id":4407,"geometry":{"type":"LineString","coordinates":[[0.255179505383457,50.8820674224737],[0.254248884933186,50.8827355188505],[0.253431870381686,50.8833654826203],[0.251504314762918,50.8845920060206],[0.252012908384505,50.8862933966545]]},"properties":{"OBJECTID":4407,"StatusDescr":"Footpath","Path_Name":"Hellingly 4c","Shape__Length":574.7003459857611,"GlobalID":"584db834-3951-406b-9c01-c90916a6a772"}},{"type":"Feature","id":4408,"geometry":{"type":"LineString","coordinates":[[0.230241751936389,50.8855097058265],[0.230747096815361,50.8855068725754],[0.231221538879235,50.885504728654],[0.231592600835865,50.8854979067927],[0.232160299019062,50.8855070062257],[0.232749247694817,50.8855289209437],[0.233319353407172,50.8855904856215],[0.233618765595567,50.8855980658675],[0.233938304970205,50.8855921218706],[0.234288842948526,50.8855856798067],[0.234679891473527,50.8855653416951],[0.234914258351009,50.8855382164725]]},"properties":{"OBJECTID":4408,"StatusDescr":"Footpath","Path_Name":"Hellingly 40","Shape__Length":329.8627836770325,"GlobalID":"57ad3eec-3b32-43e0-babe-e9d76a4104d2"}},{"type":"Feature","id":4409,"geometry":{"type":"LineString","coordinates":[[0.240422554503625,50.8864415028293],[0.24026863051923,50.8862217344038],[0.239920077217745,50.8857959437172],[0.239583476176038,50.8854091286802],[0.239331620062861,50.8850732819076],[0.239219571623444,50.8848657497182],[0.239067675762059,50.8844559643199],[0.238930222197447,50.8839017723347],[0.238881851705444,50.8837389683436],[0.238932938414277,50.8834891180496],[0.239045659175725,50.8832316043442],[0.239149925340666,50.8830201015094],[0.239173196944852,50.882842881129],[0.239179256333418,50.8827444963931],[0.239175015971165,50.8826463029705],[0.238965863147725,50.8823423656316],[0.23862681766034,50.8818967851378],[0.23828511400787,50.8815116590733]]},"properties":{"OBJECTID":4409,"StatusDescr":"Footpath","Path_Name":"Hellingly 41","Shape__Length":587.6486696225728,"GlobalID":"b6b35c2f-91e4-40d2-88aa-5fa4d53ca7dc"}},{"type":"Feature","id":4410,"geometry":{"type":"LineString","coordinates":[[0.234348625138392,50.8849660996498],[0.2341210023917,50.8845670384702],[0.233979278893962,50.8841504836757],[0.233872589667968,50.8838315451041],[0.23383433351991,50.8836619782403]]},"properties":{"OBJECTID":4410,"StatusDescr":"Footpath","Path_Name":"Hellingly 42","Shape__Length":149.9066133003857,"GlobalID":"5a1711f6-345f-449e-a17a-84bb7da0e2e6"}},{"type":"Feature","id":4411,"geometry":{"type":"LineString","coordinates":[[0.230666196760555,50.8853053942476],[0.231209894128691,50.8852363866536],[0.231721960586149,50.885148369356],[0.23247963453782,50.8850165539665],[0.233153366171558,50.8848703217614]]},"properties":{"OBJECTID":4411,"StatusDescr":"Bridleway","Path_Name":"Hellingly 43a","Shape__Length":181.77320614446182,"GlobalID":"bb23596b-c0fa-4c7d-9075-35820bfb0275"}},{"type":"Feature","id":4412,"geometry":{"type":"LineString","coordinates":[[0.229615696649523,50.8853443527862],[0.229792246406522,50.8853738910965],[0.229967266474752,50.8853640688855],[0.230152796263506,50.885360702839],[0.230389046337219,50.8853366841728],[0.230666196760555,50.8853053942476]]},"properties":{"OBJECTID":4412,"StatusDescr":"Bridleway","Path_Name":"Hellingly 43b","Shape__Length":74.92114822398433,"GlobalID":"c93e182e-ce6a-4a00-b9e1-88ccadb87991"}},{"type":"Feature","id":4413,"geometry":{"type":"LineString","coordinates":[[0.22820200147348,50.8850953199006],[0.228346297173166,50.8850926477088],[0.228605917141561,50.8851337291514],[0.228896588517342,50.8851742206122],[0.229230939420913,50.8852728452578],[0.22950118585526,50.8853202890579],[0.229615696649523,50.8853443527862]]},"properties":{"OBJECTID":4413,"StatusDescr":"Bridleway","Path_Name":"Hellingly 43c","Shape__Length":104.11647138494543,"GlobalID":"db90eac8-d484-4e0b-a9fe-1978af66aa83"}},{"type":"Feature","id":4414,"geometry":{"type":"LineString","coordinates":[[0.225956021884231,50.885640970785],[0.226191442992977,50.8855973743651],[0.226324000580766,50.8855621999664],[0.226794409652424,50.8854683489731],[0.227080558951491,50.8854041780693],[0.227273319537843,50.8853285686331],[0.227569122922076,50.8852510776632],[0.227874632826966,50.8851602840165],[0.228192594396528,50.8850966210304]]},"properties":{"OBJECTID":4414,"StatusDescr":"Bridleway","Path_Name":"Hellingly 43d","Shape__Length":169.15343308571136,"GlobalID":"30faf465-378f-4370-97aa-9341ff113c6c"}},{"type":"Feature","id":4415,"geometry":{"type":"LineString","coordinates":[[0.222177561183577,50.8858151984712],[0.222673123467353,50.8858257283052],[0.22316880473655,50.8858363329137],[0.223520081333541,50.8858495184309],[0.223881134411758,50.8858493855908],[0.22438618749374,50.8858401117264],[0.224970930436553,50.8857638772728],[0.225422805161434,50.8857162385164],[0.225956021884231,50.885640970785]]},"properties":{"OBJECTID":4415,"StatusDescr":"Bridleway","Path_Name":"Hellingly 43e","Shape__Length":268.1936509483293,"GlobalID":"2efec8df-c239-4967-bdfe-4d235715ab10"}},{"type":"Feature","id":4416,"geometry":{"type":"LineString","coordinates":[[0.221051823823717,50.8857834913169],[0.221340936190861,50.8857912990724],[0.221547386007894,50.8857940331292],[0.222177561183577,50.8858151984712]]},"properties":{"OBJECTID":4416,"StatusDescr":"Bridleway","Path_Name":"Hellingly 43f","Shape__Length":79.2960047650601,"GlobalID":"6674f39b-1a49-48d1-83bf-8d8b2a6eada7"}},{"type":"Feature","id":4417,"geometry":{"type":"LineString","coordinates":[[0.221051823823717,50.8857834913169],[0.220246614559686,50.8857720200949],[0.220040165185927,50.8857692909225],[0.21968890172756,50.8857561054731],[0.219389177607122,50.8857419281151],[0.219233941110877,50.8857316671331],[0.219130371818571,50.8857205054129],[0.218964835349212,50.8857104435116],[0.218820532057116,50.8857130934282],[0.218552544790758,50.8857180088732],[0.218346714804361,50.8857283095947],[0.218233334940496,50.8857303710175],[0.218078607529251,50.8857332154378],[0.217872466046644,50.8857369611351],[0.217706735473941,50.885720412083],[0.217592846920833,50.8857093668345],[0.217498955293828,50.8856848887827],[0.217331980011774,50.8856421197292],[0.217195238510522,50.8855790804805]]},"properties":{"OBJECTID":4417,"StatusDescr":"Bridleway","Path_Name":"Hellingly 43g","Shape__Length":275.7638118403191,"GlobalID":"36fb1e53-aad7-4b87-9038-6ae7e19ca88b"}},{"type":"Feature","id":4418,"geometry":{"type":"LineString","coordinates":[[0.215271804225138,50.8864330001014],[0.215381499334089,50.8863458623836],[0.215502120856144,50.8862716418515],[0.215624057531389,50.8862300312552],[0.215776548687746,50.88617489923],[0.215960142630705,50.8861256547337],[0.216153926606753,50.8860762947024],[0.216328943444263,50.8860665047545],[0.216534792358638,50.8860562036511],[0.21666621484024,50.8859949032734],[0.216928701805599,50.8858590933211],[0.216986859784996,50.885772843947],[0.217195238510522,50.8855790804805]]},"properties":{"OBJECTID":4418,"StatusDescr":"Bridleway","Path_Name":"Hellingly 43h","Shape__Length":173.81210275283885,"GlobalID":"e5906509-4872-4d08-8215-bcef73d1c00d"}},{"type":"Feature","id":4419,"geometry":{"type":"LineString","coordinates":[[0.227990609570532,50.8847205794527],[0.224755019470307,50.885060553318]]},"properties":{"OBJECTID":4419,"StatusDescr":"Footpath","Path_Name":"Hellingly 44","Shape__Length":230.79471735890635,"GlobalID":"065847f9-f346-4b49-b16b-d2538170eaf9"}},{"type":"Feature","id":4420,"geometry":{"type":"LineString","coordinates":[[0.255210609996384,50.8891598672112],[0.256537406949121,50.8895411687627],[0.257132173553075,50.8896937584211],[0.25775816378908,50.8898523920434],[0.258778366819809,50.890062562545],[0.260214138848879,50.8903370598964],[0.260486731132049,50.8904367131719]]},"properties":{"OBJECTID":4420,"StatusDescr":"Footpath","Path_Name":"Hellingly 45a","Shape__Length":398.3197319138794,"GlobalID":"7fb96f4c-811f-4bce-bcdd-fa750b1707d5"}},{"type":"Feature","id":4421,"geometry":{"type":"LineString","coordinates":[[0.260486731132049,50.8904367131719],[0.260757871179716,50.8905036544059],[0.261262191404794,50.8907103960494],[0.261388387362142,50.8907670201213],[0.261423904594733,50.890871085543],[0.261571354264478,50.8909404214867],[0.261796777908631,50.8909034143412],[0.261910178093118,50.8909013057121],[0.261983157002035,50.8909195897535],[0.262026695883502,50.8909711623037],[0.262039829374687,50.8910364543163],[0.262042755480955,50.8911018551211],[0.262016457025033,50.8912071076348],[0.262008962696219,50.8912728003363],[0.262207114107945,50.8913214760032],[0.262345716348436,50.8914236221944],[0.262790682775517,50.8916359112627],[0.263110979732148,50.891806630604],[0.26330876057609,50.8918912592901]]},"properties":{"OBJECTID":4421,"StatusDescr":"Footpath","Path_Name":"Hellingly 45b","Shape__Length":284.0053877731102,"GlobalID":"2c6b02e5-0478-46ed-9d32-6aff0bd8b0a2"}},{"type":"Feature","id":4422,"geometry":{"type":"LineString","coordinates":[[0.211363659879536,50.894804150408],[0.211638655770087,50.8947205417186],[0.211902190427747,50.894610888522],[0.212134927690176,50.8945019038662],[0.212366420878626,50.8943666911564]]},"properties":{"OBJECTID":4422,"StatusDescr":"Bridleway","Path_Name":"Hellingly 46a","Shape__Length":86.19977332372417,"GlobalID":"1bec9700-0a54-4afa-a234-5570bcc5de2c"}},{"type":"Feature","id":4423,"geometry":{"type":"LineString","coordinates":[[0.212366420878626,50.8943666911564],[0.212551751015998,50.8942372124379],[0.212702700669501,50.8941492962935],[0.212945747806893,50.8940400362851],[0.21331188058878,50.8939154816423],[0.213788531756657,50.893723380714],[0.214092488577343,50.8935933573377],[0.214558950532708,50.8934014464966],[0.215032204097892,50.8931308204232],[0.215394972156957,50.8929277431782],[0.215766380608638,50.8926851257956],[0.215988050157574,50.8925632233107],[0.216506540081184,50.8923834407178],[0.217004402580411,50.8922040466997],[0.217254860921743,50.8920291797842],[0.217403291623987,50.8919258359493],[0.218024400611537,50.8916875445836],[0.218584293836839,50.8915136185345],[0.21884202001422,50.8915088983018],[0.219254481453608,50.8915013361954],[0.219685687299434,50.8914541122042],[0.220343290864339,50.8913896288654],[0.220702956894002,50.8913568039638],[0.221098835099019,50.891205505576],[0.221594922147861,50.8909868296457]]},"properties":{"OBJECTID":4423,"StatusDescr":"Bridleway","Path_Name":"Hellingly 46b","Shape__Length":770.1380031701984,"GlobalID":"60180ff1-8e12-4aa0-966e-61375de6a81c"}},{"type":"Feature","id":4424,"geometry":{"type":"LineString","coordinates":[[0.221594922147861,50.8909868296457],[0.221988852621085,50.8907896229448],[0.222181023623388,50.8907009923426],[0.222381663999162,50.8905663468702],[0.222582686267713,50.890444735735],[0.222772188956114,50.8902906141499],[0.222933736513546,50.8902090392433],[0.223309805413375,50.8900777080728],[0.22357586119167,50.8900269698533],[0.223872542374668,50.8899691593387],[0.224088702284397,50.889958566695],[0.22429580663924,50.8899744073424],[0.224575430807517,50.8900020755811],[0.224833768130971,50.8900103642721],[0.225236096371858,50.8900095296832],[0.225700279871488,50.8900076041108],[0.226081680087684,50.8900005102454],[0.226452767563606,50.8899936999973],[0.226855095497549,50.8899928607258],[0.227267422835705,50.8899852610434],[0.227576670906553,50.8899796389712],[0.227863962797293,50.8899415986525],[0.228274334269035,50.8898881740181],[0.228498848708453,50.8898316538971]]},"properties":{"OBJECTID":4424,"StatusDescr":"Bridleway","Path_Name":"Hellingly 46c","Shape__Length":528.3201049511165,"GlobalID":"8a764eee-87df-43de-a17f-6a1274ad3174"}},{"type":"Feature","id":4425,"geometry":{"type":"LineString","coordinates":[[0.228498848708453,50.8898316538971],[0.228680481437889,50.8897365636278],[0.22884315502056,50.889681212885],[0.229159925471648,50.8896098849954],[0.229354643503551,50.8895801007935],[0.229568843642976,50.8895237657106],[0.22970058282109,50.889468921944],[0.230072087393299,50.8892328137873],[0.230161776674211,50.8891591681415],[0.230332287854279,50.8890446901621],[0.230512151962435,50.8889103384506],[0.230736958290397,50.8886613381876]]},"properties":{"OBJECTID":4425,"StatusDescr":"Bridleway","Path_Name":"Hellingly 46d","Shape__Length":211.1278405019602,"GlobalID":"9b31d726-5f5d-45c4-aec5-c624c93fb8c0"}},{"type":"Feature","id":4426,"geometry":{"type":"LineString","coordinates":[[0.230736958290397,50.8886613381876],[0.231065205942072,50.8883369172613],[0.231284350230528,50.8881560500183],[0.23140237140206,50.888022879155],[0.231568835436617,50.8878167609667],[0.23169697599517,50.8876769288231],[0.231942816952393,50.8873972676753],[0.232099484896634,50.8872044634478],[0.23214937633456,50.8871642169232],[0.232293054467632,50.8871485276989],[0.232394795652399,50.8871138530684],[0.232729272258082,50.8869767193655],[0.233194946252698,50.8867716171238]]},"properties":{"OBJECTID":4426,"StatusDescr":"Bridleway","Path_Name":"Hellingly 46e","Shape__Length":280.66400021298153,"GlobalID":"54533dc0-6600-47c9-949e-859b02d66ead"}},{"type":"Feature","id":4427,"geometry":{"type":"LineString","coordinates":[[0.236932459119774,50.8913722786751],[0.237092530185799,50.8912579836858],[0.237183351319104,50.8912104830336],[0.237446495542701,50.8910943017308],[0.237608956888552,50.8910322963288],[0.23780139549286,50.8909501983748],[0.237931171310959,50.8908495313541],[0.238121655472288,50.8907216205698],[0.238303278645882,50.8906265189989],[0.238425007474863,50.8905784138289],[0.238503442786249,50.8904852873126],[0.238593105171776,50.8904115466115],[0.238775554664324,50.890336212226],[0.239109530577113,50.8901859388763],[0.239798578209928,50.8898980300196],[0.240437206483642,50.8896373424769]]},"properties":{"OBJECTID":4427,"StatusDescr":"Footpath","Path_Name":"Hellingly 47a","Shape__Length":316.0541158351683,"GlobalID":"4cf733ad-9789-4a84-94d4-a243e41cda81"}},{"type":"Feature","id":4428,"geometry":{"type":"LineString","coordinates":[[0.228781911723113,50.8952034760111],[0.229337773008391,50.8951735236323],[0.229769645080139,50.895139381708],[0.230221603600715,50.8950918124087],[0.230581290211177,50.8950589567988],[0.230856866854798,50.8949884118092],[0.231162539868349,50.8948976033316],[0.231387264500231,50.8948476375125],[0.231920882390355,50.894778802964],[0.232351595175289,50.8947185112913],[0.232494788299673,50.8946896966095],[0.232706854010013,50.8945809805707],[0.233009821176284,50.8944312390426],[0.233476205520177,50.8942392536567],[0.233698773268076,50.8941368985247],[0.234027116918873,50.893855843255],[0.234646437767832,50.8933858767316],[0.235456691190145,50.8927945583047],[0.235947045603359,50.8924449343901],[0.236303810838346,50.8921043490436],[0.236618902350601,50.8917579902871],[0.236794657576859,50.8915255217377],[0.236932459119774,50.8913722786751]]},"properties":{"OBJECTID":4428,"StatusDescr":"Footpath","Path_Name":"Hellingly 47b","Shape__Length":757.9082986228751,"GlobalID":"d07f3904-e11b-4fd2-9beb-90f056e5f46b"}},{"type":"Feature","id":4429,"geometry":{"type":"LineString","coordinates":[[0.226309135290284,50.8950459350063],[0.22687067955155,50.8951469864547],[0.22730674668912,50.8952109593503],[0.227679010635092,50.8952302887923],[0.228039838461531,50.8952236695766],[0.228555412838818,50.895214195458],[0.228781911723113,50.8952034760111]]},"properties":{"OBJECTID":4429,"StatusDescr":"Footpath","Path_Name":"Hellingly 47c","Shape__Length":176.50193136261922,"GlobalID":"dd335a54-9043-4825-87d9-5501e0c1513e"}},{"type":"Feature","id":4430,"geometry":{"type":"LineString","coordinates":[[0.212366420878626,50.8943666911564],[0.212577166316159,50.894348047165],[0.213425078180715,50.894391490641],[0.214003823017267,50.8944136938868],[0.214426509298281,50.89440594321],[0.21487030227071,50.8944109079637],[0.215314524204716,50.8944224509647],[0.215664216712326,50.8943963947819],[0.216301135715649,50.8943323272207],[0.216579479381753,50.8943272205999],[0.216754745915086,50.8943240746153],[0.216881631483908,50.8943937754104],[0.217232157670868,50.8946296987273],[0.217455722643192,50.8947892732644],[0.21769540925005,50.8948438817119],[0.218235368543871,50.8949256909503],[0.219459242955022,50.8950735335328],[0.220040569149862,50.8951545478359],[0.220133858414437,50.8951658972092],[0.220375991884752,50.8952793434265],[0.220566378266388,50.8953872171306],[0.220700081150382,50.8953781987367],[0.220957306473271,50.895360353404],[0.221235359305129,50.8953487737763],[0.221565564924906,50.8953492356149],[0.221770925951149,50.8953258119236],[0.222047336491363,50.8952748695382],[0.222323234962502,50.8952109131752],[0.222527168791826,50.8951547858661],[0.222671495072235,50.8951521266164],[0.222815828477433,50.8951494679516],[0.222898293932056,50.8951478974462],[0.223050986836234,50.8950993195657],[0.223205007487488,50.8950833449181],[0.223573390432299,50.8950110494595],[0.223859273076268,50.894940324739],[0.224146788137201,50.8949088640641],[0.224331230534796,50.8948792770497],[0.224496488115238,50.894882774048],[0.225128744534187,50.8949497575957],[0.225728933123474,50.8949910917302],[0.225925435305684,50.8950005653908],[0.226142743593008,50.8950162865423],[0.226309135290284,50.8950459350063]]},"properties":{"OBJECTID":4430,"StatusDescr":"Footpath","Path_Name":"Hellingly 47d","Shape__Length":1028.0028188031076,"GlobalID":"79cf335e-b23b-4e55-a3a6-024eee991a44"}},{"type":"Feature","id":4431,"geometry":{"type":"LineString","coordinates":[[0.229354125034508,50.891243667419],[0.229287109404052,50.891126985067],[0.229157870097956,50.890998366387],[0.229050452732496,50.8909021430562],[0.228888205465297,50.8907282885535],[0.22877976862354,50.8906058296118],[0.228764950392602,50.8905012803127],[0.228726708531218,50.8903317102946],[0.22872363017095,50.8902597481577],[0.228678497511876,50.8901688988293],[0.228621601136421,50.8900454582606],[0.228554917438043,50.889935414705],[0.228498848708453,50.8898316538971]]},"properties":{"OBJECTID":4431,"StatusDescr":"Footpath","Path_Name":"Hellingly 48a","Shape__Length":170.87492857222537,"GlobalID":"166bafcc-7ffb-4fb6-9c8f-54d387b6041f"}},{"type":"Feature","id":4432,"geometry":{"type":"LineString","coordinates":[[0.229695410672658,50.8917416489007],[0.229595318954801,50.8915731824603],[0.229495753103135,50.8914178261112],[0.229354125034508,50.891243667419]]},"properties":{"OBJECTID":4432,"StatusDescr":"Footpath","Path_Name":"Hellingly 48b","Shape__Length":60.451912207937234,"GlobalID":"ee374292-e03a-469a-8252-d3f4fa3ba5dc"}},{"type":"Feature","id":4433,"geometry":{"type":"LineString","coordinates":[[0.228781911723113,50.8952034760111],[0.228935637340826,50.8949386218849],[0.229106785734225,50.8946015110519],[0.229196285222025,50.8942854670104],[0.229306208013553,50.8939625590295],[0.229421165059774,50.8937573345195],[0.229504995061483,50.8935462414909],[0.229582946194444,50.8934399993855],[0.229513667359685,50.8932710342358],[0.229475437451427,50.8931014642761],[0.229509864636804,50.8929436410519],[0.22955586866919,50.892811758861],[0.229653808702614,50.8926921036741],[0.229781130590767,50.8925325030443],[0.229794123018236,50.892355491619],[0.229807948013487,50.8921980582696],[0.229834657493738,50.8920992722535],[0.229769913300582,50.8920349629113],[0.229715275559107,50.8919639857946],[0.22970271150017,50.8919118096852],[0.229699619912176,50.8918398442355],[0.229696528822761,50.8917677996297],[0.229695410672658,50.8917416489007]]},"properties":{"OBJECTID":4433,"StatusDescr":"Footpath","Path_Name":"Hellingly 48c","Shape__Length":401.24261027237156,"GlobalID":"b942dcbb-d7eb-4e8c-8f5f-ae205cfe970c"}},{"type":"Feature","id":4434,"geometry":{"type":"LineString","coordinates":[[0.227756529030118,50.8969088211306],[0.22796010690293,50.89672493189],[0.228146426253015,50.8964988425819],[0.228234184243685,50.8963792940566],[0.228278934246445,50.8962213596883],[0.228343490845128,50.8960432751117],[0.228420295541637,50.8959108836848],[0.228525569494021,50.8957189796432],[0.228592386318574,50.8955933640763],[0.228678071965552,50.8954280851052],[0.228744562977761,50.8952958112268],[0.228781911723113,50.8952034760111]]},"properties":{"OBJECTID":4434,"StatusDescr":"Footpath","Path_Name":"Hellingly 48d","Shape__Length":204.5785836110304,"GlobalID":"3ac89f82-401b-429a-b76b-c512fe06d786"}},{"type":"Feature","id":4435,"geometry":{"type":"LineString","coordinates":[[0.229695410672658,50.8917416489007],[0.230024969130136,50.8917290579054],[0.231209417895475,50.8916809759651],[0.232424990910258,50.8916389437697],[0.233671804469909,50.8916028565219],[0.234361444357381,50.8915638528716],[0.235286934943666,50.8914944360232],[0.235997387769389,50.8914616804266],[0.236932459119774,50.8913722786751]]},"properties":{"OBJECTID":4435,"StatusDescr":"Footpath","Path_Name":"Hellingly 49","Shape__Length":511.1322449876359,"GlobalID":"17934a6a-6bba-41ab-8010-24da9b779c6c"}},{"type":"Feature","id":4436,"geometry":{"type":"LineString","coordinates":[[0.254089155883996,50.8802473274494],[0.254766855786637,50.8804115477908],[0.255237186897777,50.880553422482],[0.25570956604701,50.8806781583739],[0.255769825650533,50.8806641431692],[0.255929226775968,50.880646784156],[0.256125993335986,50.8806087136978],[0.256277043556353,50.8805586763553],[0.256335717313065,50.8805118531194],[0.256439002448411,50.8804541733055],[0.256561566416417,50.8804218196858]]},"properties":{"OBJECTID":4436,"StatusDescr":"Footpath","Path_Name":"Hellingly 5a","Shape__Length":191.82964941499668,"GlobalID":"da37dcae-9e5d-4701-b007-465652e33b97"}},{"type":"Feature","id":4437,"geometry":{"type":"MultiLineString","coordinates":[[[0.2530754869365,50.8799727319415],[0.253076936026019,50.8799731239779]],[[0.253076936026019,50.8799731239779],[0.253077504132072,50.8799730536503]],[[0.253076936026019,50.8799731239779],[0.254089157304319,50.8802473274219]],[[0.252656454321161,50.8800253660304],[0.253076936026019,50.8799731239779]]]},"properties":{"OBJECTID":4437,"StatusDescr":"Footpath","Path_Name":"Hellingly 5b","Shape__Length":107.79716588948641,"GlobalID":"a2d0ce46-05f7-4937-88b5-cf6876a8d1f3"}},{"type":"Feature","id":4438,"geometry":{"type":"LineString","coordinates":[[0.222463661042176,50.8917567585513],[0.22261775930436,50.8917408793579],[0.224059956211543,50.8916881441324],[0.225482014825715,50.8916488952473],[0.226523790802586,50.8916428780308],[0.226874279358191,50.8916364522815],[0.227101070434209,50.8916322149703],[0.227254569212134,50.8916032136621],[0.227735981563661,50.891522281269],[0.228268113790131,50.8914208628349],[0.228533863572498,50.8913635446677],[0.228975169964522,50.891309537781],[0.229354125034508,50.891243667419]]},"properties":{"OBJECTID":4438,"StatusDescr":"Footpath","Path_Name":"Hellingly 50","Shape__Length":491.1437753975663,"GlobalID":"e615985c-1bc0-4a9d-bac5-c04d445c5636"}},{"type":"Feature","id":4439,"geometry":{"type":"LineString","coordinates":[[0.226118430452995,50.8979262403811],[0.226304813935178,50.8979424629657],[0.227920351627717,50.8977626475951]]},"properties":{"OBJECTID":4439,"StatusDescr":"Footpath","Path_Name":"Hellingly 51a","Shape__Length":128.62893351418083,"GlobalID":"9763e74f-e0ce-4913-8533-6e2e7efc8dde"}},{"type":"Feature","id":4440,"geometry":{"type":"LineString","coordinates":[[0.224003914023853,50.8982433523318],[0.222184399649712,50.8988693832893],[0.220067355753951,50.8996651632119],[0.219815715868196,50.8997759214991],[0.219694236398748,50.899830557748],[0.219591455358345,50.8998389976948],[0.21951959490225,50.8998469206478],[0.219349023383475,50.8999613797572],[0.219222878926776,50.9001470191645],[0.219091917804932,50.9002215333081],[0.218881038372962,50.9003563627426],[0.218270487365051,50.9005575067988],[0.217812146149547,50.9006968578901],[0.217566633132027,50.9007471921851],[0.217422300430558,50.9007498451234],[0.217339809136379,50.9007513222429],[0.217298441284515,50.9007521080712],[0.215802632142064,50.9012444597469],[0.215517615287694,50.9013348416648],[0.215488938520935,50.9013878019271],[0.215411461019539,50.9017493686707],[0.214541790229988,50.9019224998274],[0.214387631848881,50.9019384727236],[0.214213791061319,50.9019743128786],[0.213983889753337,50.9021488799368]]},"properties":{"OBJECTID":4440,"StatusDescr":"Footpath","Path_Name":"Hellingly 51b","Shape__Length":859.2295408481355,"GlobalID":"241b2918-0e0e-47a6-a749-3f0f38606f80"}},{"type":"Feature","id":4441,"geometry":{"type":"LineString","coordinates":[[0.246065182175713,50.8946202729793],[0.246489233422751,50.8942931427769],[0.246958067585022,50.8939241917038],[0.247488562336507,50.8935170263174]]},"properties":{"OBJECTID":4441,"StatusDescr":"Footpath","Path_Name":"Hellingly 52","Shape__Length":158.39659459796547,"GlobalID":"874fdb93-e27c-4a0d-b047-15135509668b"}},{"type":"Feature","id":4442,"geometry":{"type":"LineString","coordinates":[[0.248524977689471,50.8952226546327],[0.249418695296085,50.8949853353709],[0.249887500139643,50.8948521301875],[0.250263844774771,50.8947272703518],[0.250488036494451,50.8946641468165],[0.250764087559231,50.8946065802319],[0.251263301739853,50.8944597491234],[0.252148840158203,50.8941812872951]]},"properties":{"OBJECTID":4442,"StatusDescr":"Footpath","Path_Name":"Hellingly 53","Shape__Length":280.26844333002447,"GlobalID":"1d00292a-e96e-4f7e-bfeb-7d4a4b4a079a"}},{"type":"Feature","id":4443,"geometry":{"type":"LineString","coordinates":[[0.247735990438086,50.8944456634177],[0.247909701785182,50.8946444549543],[0.248135728230916,50.89485317421],[0.248298959062624,50.8950139350389],[0.248458517320301,50.8950982799117],[0.248524451716509,50.8952117354251]]},"properties":{"OBJECTID":4443,"StatusDescr":"Footpath","Path_Name":"Hellingly 54a","Shape__Length":102.73456378032539,"GlobalID":"829dcb69-9f73-4c6f-b495-bfbcfd84e516"}},{"type":"Feature","id":4444,"geometry":{"type":"LineString","coordinates":[[0.248710508127398,50.8972056252943],[0.248742909426844,50.8970019718739],[0.248764490173184,50.8967854075669],[0.248776270997854,50.8965821621948],[0.248802946791874,50.8964834622714],[0.248901973013434,50.8963899356559],[0.248961854145409,50.896342922177],[0.248981119652712,50.8962628383777],[0.248948918296604,50.8961323472385],[0.248853663352259,50.8959484134879],[0.248747955178814,50.8957264589467],[0.248669424917955,50.8955312842728],[0.248602437445556,50.8953959850516],[0.248516350651575,50.895222820829]]},"properties":{"OBJECTID":4444,"StatusDescr":"Footpath","Path_Name":"Hellingly 54b","Shape__Length":229.28875275120345,"GlobalID":"869c13d5-689b-440c-b3c1-535c52cf1cc6"}},{"type":"Feature","id":4445,"geometry":{"type":"LineString","coordinates":[[0.238420094584407,50.9020218860272],[0.238930770535416,50.9017816412646],[0.239345664406276,50.9015905305201],[0.239800523378893,50.9013725800088],[0.239992812361737,50.9012838342349],[0.24011197042158,50.9011768877942],[0.240506735823888,50.9009992829642],[0.241156468634065,50.9007514204116],[0.241491325192993,50.9006208221334],[0.241643071911151,50.900552540608],[0.241732748112756,50.9004787938],[0.241864504223436,50.9004239289247],[0.241986272088517,50.9003758275589],[0.242191644214056,50.900352377601],[0.242375898396217,50.9003162883124],[0.242618472187793,50.9002004009312],[0.242900296143785,50.9000379882146],[0.243017814036181,50.8998917024281],[0.243049091899839,50.8996619047966],[0.243109667425233,50.8993922724656],[0.243161892269825,50.8991686530232],[0.24348778591995,50.8983570242217],[0.243550326102896,50.8981331999842],[0.243711548245695,50.8980450451242],[0.244028707080953,50.8977444900264],[0.244434912737156,50.8973570670266],[0.244695611117183,50.8971819321711],[0.244815881876119,50.897101131515],[0.245582356409462,50.8966414776505]]},"properties":{"OBJECTID":4445,"StatusDescr":"Footpath","Path_Name":"Hellingly 55a","Shape__Length":826.6371243859448,"GlobalID":"9c0ac65a-c53e-4fd7-b6be-d66f7b2bc27f"}},{"type":"Feature","id":4446,"geometry":{"type":"LineString","coordinates":[[0.231310472507084,50.9043663841303],[0.231952548270423,50.9042371914563],[0.232565872505155,50.9041014803145],[0.233005013102819,50.9039950661935],[0.233554497742438,50.903814711502],[0.234155320174591,50.9036267287185],[0.234694996980727,50.903459580291],[0.235652988876198,50.903179947265],[0.235989831677199,50.903095085872],[0.236182133724068,50.9030064361871],[0.236463186047831,50.9028243782066],[0.236805609698296,50.9026281014903],[0.237046573563908,50.9024730498272],[0.237259347918512,50.9023839169247],[0.237431852077729,50.9023152421928],[0.237780964557474,50.9022760935079],[0.237945934581608,50.9022730196547],[0.238128111051282,50.9021910391098],[0.238420094584407,50.9020218860272]]},"properties":{"OBJECTID":4446,"StatusDescr":"Footpath","Path_Name":"Hellingly 55b","Shape__Length":573.0159449039321,"GlobalID":"633fca3d-c416-4e71-91ba-bbccad568643"}},{"type":"Feature","id":4447,"geometry":{"type":"LineString","coordinates":[[0.238420094584407,50.9020218860272],[0.239351721318179,50.9023256343534],[0.240470309212057,50.902658597219],[0.241870499289865,50.9030583563178],[0.242205522374975,50.9031700625254],[0.242556683131053,50.9034123767043],[0.243027672296341,50.9038031636977],[0.243536257806154,50.9043439289312],[0.243647874519591,50.9045383377904],[0.243654079942072,50.9046822532088],[0.243553051699271,50.9052081047931],[0.243544165986767,50.9054767680359],[0.243514486751902,50.905981660405],[0.243442776824661,50.90623182648],[0.243273655076605,50.9066148689958],[0.243232053499772,50.9068448514835],[0.243287861315952,50.9069420538141],[0.243669870039332,50.907183857322],[0.243967736773247,50.9073879066238],[0.244108563143564,50.9075408359794]]},"properties":{"OBJECTID":4447,"StatusDescr":"Footpath","Path_Name":"Hellingly 56","Shape__Length":839.0004422523281,"GlobalID":"8539e94f-b4d0-4b12-96ed-457724e40736"}},{"type":"Feature","id":4448,"geometry":{"type":"LineString","coordinates":[[0.244108563143564,50.9075408359794],[0.243774206741117,50.9074488088874],[0.24248149867295,50.9073876075774],[0.241623846178681,50.9073642483023],[0.240746194453902,50.9073543041155],[0.240446828565789,50.9073532142973],[0.240388076248111,50.9074263664539],[0.240162036827736,50.9074502132506],[0.239335952313199,50.9074393623132],[0.238779101140924,50.907449592357],[0.238706906983735,50.9074509769925],[0.23825680465905,50.9075443953602],[0.237839716021496,50.9076831240796],[0.237544086641414,50.9077672005515],[0.237112950986553,50.9078210440582],[0.237046206051574,50.9077109345564],[0.236696428911446,50.9077370461165],[0.236511131092993,50.9077469849179],[0.236264776493726,50.9077777761772],[0.235598611256736,50.9078882717854],[0.235303604468516,50.907985453519],[0.234702526026996,50.9081668110126],[0.233959021270804,50.9083966500558],[0.23356241864866,50.9085349748561],[0.233173083295538,50.9086608278153]]},"properties":{"OBJECTID":4448,"StatusDescr":"Footpath","Path_Name":"Hellingly 57a","Shape__Length":815.8998523220029,"GlobalID":"fb4f909e-43a2-4373-956d-baf72032d07f"}},{"type":"Feature","id":4449,"geometry":{"type":"LineString","coordinates":[[0.246425179270832,50.9094175786129],[0.2464258959968,50.9094171600966],[0.246531252373365,50.9093560060394],[0.246688878861152,50.9092339207548],[0.246581299539955,50.9091608018696],[0.246513195411546,50.9091871784481],[0.246276260232459,50.9089742499544],[0.246125352127006,50.9088263729657],[0.24594348784416,50.908679080605],[0.245802056758313,50.9085114232484],[0.245483258012508,50.9083012256221],[0.244108563143564,50.9075408359794]]},"properties":{"OBJECTID":4449,"StatusDescr":"Footpath","Path_Name":"Hellingly 57b","Shape__Length":295.6996397123546,"GlobalID":"1d88937c-075a-4e12-9ca4-39d76e4d707d"}},{"type":"Feature","id":4450,"geometry":{"type":"LineString","coordinates":[[0.246494110848374,50.9094744691611],[0.246707203032545,50.909627716099]]},"properties":{"OBJECTID":4450,"StatusDescr":"Footpath","Path_Name":"Hellingly 57c","Shape__Length":22.69793278823272,"GlobalID":"f8f53798-4ebb-4cc3-ac86-daa8c309173c"}},{"type":"Feature","id":4451,"geometry":{"type":"LineString","coordinates":[[0.246707203032545,50.909627716099],[0.247064366812808,50.9097717110436],[0.247421650784526,50.9099157034907]]},"properties":{"OBJECTID":4451,"StatusDescr":"Footpath","Path_Name":"Hellingly 57d","Shape__Length":59.589747822213255,"GlobalID":"0977e965-5e71-4568-b3b9-0e30cd2be2a1"}},{"type":"Feature","id":4452,"geometry":{"type":"LineString","coordinates":[[0.204279205576111,50.8832624043592],[0.204542823329327,50.8831527766464],[0.204774592265212,50.8830241299979]]},"properties":{"OBJECTID":4452,"StatusDescr":"Footpath","Path_Name":"Hellingly 58","Shape__Length":43.89699113508513,"GlobalID":"98e10b1a-76b7-4b7e-9f3e-91362ea1cc77"}},{"type":"Feature","id":4453,"geometry":{"type":"LineString","coordinates":[[0.237132320503622,50.9121738765603],[0.237257309697427,50.9120883871079],[0.23718717407561,50.912045215444],[0.237129882283612,50.9120051648788],[0.237052515676412,50.9119290901859],[0.237015989814862,50.9118526312089],[0.237017410228877,50.9117843480191],[0.237064237263043,50.9117329997347],[0.23715106830104,50.9116838536209],[0.237258508710197,50.9116728914765],[0.237362846355606,50.9116870841867],[0.237488358476407,50.9117240633237],[0.23821131984169,50.9119726505647],[0.23845040148721,50.9120404421931],[0.238620867586827,50.9120650909331],[0.238768379931937,50.9120715687199],[0.238894056599362,50.9120831176389],[0.239153931928835,50.9120920832817],[0.240423473688986,50.9120496155886],[0.240609098909899,50.9120461534503],[0.240763787284102,50.9120432731925],[0.2408870272477,50.9120278663529],[0.241113424313324,50.9120126104523],[0.241147287524778,50.9119514704767],[0.241172681607355,50.9118672278432],[0.241240676386242,50.9116153028581],[0.241592780652812,50.9116415393498],[0.24238193109458,50.911751359929],[0.242483903774172,50.9117232397257],[0.24306816374085,50.9113914737995],[0.244153946603241,50.9107229581263],[0.245403734692953,50.9100317787241],[0.246068356303438,50.9096526836688],[0.245950245940557,50.9095363625546],[0.246081092847366,50.9094690136534],[0.246342506715951,50.9093471091354],[0.2464258959968,50.9094171600966],[0.246494110848374,50.9094744691611]]},"properties":{"OBJECTID":4453,"StatusDescr":"Footpath","Path_Name":"Hellingly 59","Shape__Length":900.6215459043094,"GlobalID":"3eea4f23-f2ea-455a-bafe-d8cbae812eb7"}},{"type":"Feature","id":4454,"geometry":{"type":"LineString","coordinates":[[0.254089157304319,50.8802473274219],[0.254040020096013,50.8800648565961],[0.254021688526471,50.879881879791],[0.254067794902936,50.8797565483832],[0.254103928029161,50.8796379841039],[0.254120154148635,50.8795394775005],[0.254107554583911,50.8794873046379],[0.253961396938237,50.8792084209919]]},"properties":{"OBJECTID":4454,"StatusDescr":"Footpath","Path_Name":"Hellingly 6a","Shape__Length":118.3027825232989,"GlobalID":"dccd41df-b729-498a-8402-84355cf2968c"}},{"type":"Feature","id":4455,"geometry":{"type":"LineString","coordinates":[[0.254455851845806,50.8813211793726],[0.25450444853496,50.8812547760533],[0.254502785111106,50.8812155302004],[0.254499660471702,50.8811435515389],[0.254395768037756,50.8808900420603],[0.254089157304319,50.8802473274219]]},"properties":{"OBJECTID":4455,"StatusDescr":"Footpath","Path_Name":"Hellingly 6b","Shape__Length":124.32895033465277,"GlobalID":"800d1ba2-fdbe-4c2d-9639-5efbc7c92727"}},{"type":"Feature","id":4456,"geometry":{"type":"LineString","coordinates":[[0.247378148074857,50.9105780311012],[0.246455248330131,50.9104772931241],[0.246471610667234,50.9103787025087],[0.246581333917965,50.9100557786244],[0.246707203032545,50.909627716099]]},"properties":{"OBJECTID":4456,"StatusDescr":"Footpath","Path_Name":"Hellingly 60","Shape__Length":162.06693644863378,"GlobalID":"863928c0-0a72-4566-a371-772b63f18917"}},{"type":"Feature","id":4457,"geometry":{"type":"LineString","coordinates":[[0.249134812058594,50.8979443548645],[0.249840455112679,50.8978001915529],[0.250464257384395,50.8976707509473],[0.25078959554629,50.8975599069701],[0.25142826587579,50.897299159047],[0.253003234371529,50.8967393617453],[0.254212442195998,50.8963106868432]]},"properties":{"OBJECTID":4457,"StatusDescr":"Bridleway","Path_Name":"Hellingly 61a","Shape__Length":402.44188558338305,"GlobalID":"cb72a3c5-27fe-4939-a389-bce8af424865"}},{"type":"Feature","id":4458,"geometry":{"type":"LineString","coordinates":[[0.254212442195998,50.8963106868432],[0.254394905297338,50.8962353215246],[0.254669811954717,50.896151612773],[0.254924098220405,50.8960682010083],[0.255064478007225,50.895973960058],[0.255120900396409,50.8958484289433],[0.255234914981418,50.8956235989225],[0.255334040793252,50.8952943174443],[0.255500106016092,50.8950816051965],[0.255711730927539,50.8949603864654],[0.255771883161722,50.8949259295122],[0.256088459409178,50.8947279542629],[0.256333731921275,50.8945820460463],[0.256539632598563,50.894424638052],[0.256707816652072,50.8940899629586],[0.256759176607101,50.8939478029379],[0.256838744500884,50.8937867022853],[0.257156007678957,50.8937802056398],[0.257638012917188,50.8937122548029],[0.257870518348446,50.8936031035507],[0.258100531416404,50.8934351000384],[0.258475567366053,50.8932839874005],[0.258932671721827,50.8931182440644],[0.259380498993343,50.8929789289333]]},"properties":{"OBJECTID":4458,"StatusDescr":"Footpath","Path_Name":"Hellingly 61b","Shape__Length":559.0325786201528,"GlobalID":"90463fd8-80a1-4501-9367-f91f52f32070"}},{"type":"Feature","id":4459,"geometry":{"type":"LineString","coordinates":[[0.259380498993343,50.8929789289333],[0.259879030805676,50.8928189364047],[0.260857243915189,50.8925387095188],[0.261867542808564,50.8922840067361],[0.262805989807548,50.8920372662612],[0.263362501827505,50.8918902171253]]},"properties":{"OBJECTID":4459,"StatusDescr":"Bridleway","Path_Name":"Hellingly 61c","Shape__Length":305.33868515870444,"GlobalID":"d63b1276-3365-49bd-9eb1-3524fdef953f"}},{"type":"Feature","id":4460,"geometry":{"type":"LineString","coordinates":[[0.279134402215474,50.9025467416743],[0.279014994169894,50.9022388905261],[0.278952236326263,50.9020223293683],[0.278944508949288,50.9018640885789],[0.279468436456627,50.9014378617476],[0.279837406776642,50.9012008439636],[0.280172503774936,50.9010489916751],[0.28076179998363,50.9006504889208],[0.281171890273796,50.9004729940943],[0.281432023443996,50.9003467982193],[0.281791306352227,50.8999169049406],[0.282342355466565,50.8991330551991],[0.282772563316955,50.8989792437847],[0.283229892122258,50.8986075892841],[0.283493437989783,50.8981677030782],[0.283486112924448,50.8980229898846],[0.283726822162786,50.8978852150166],[0.283826379749595,50.8975935607747],[0.284111956871769,50.8972134823183],[0.284225802260158,50.8968249799146],[0.284491095063735,50.8964212016913],[0.284723258936206,50.8961146322842],[0.284903817955646,50.895917788141],[0.285036615387479,50.8955288281602],[0.285240267094259,50.8954159494027],[0.285397006532519,50.8951229955286],[0.285692231941887,50.8949358571913],[0.285813249718383,50.8946918927263],[0.28611903516499,50.8943949360448]]},"properties":{"OBJECTID":4460,"StatusDescr":"Footpath","Path_Name":"Hellingly 62","Shape__Length":1080.7622633547032,"GlobalID":"ffd23997-9d77-46a5-958c-aae4bc87c79b"}},{"type":"Feature","id":4461,"geometry":{"type":"LineString","coordinates":[[0.274984089986508,50.9006940108649],[0.275171851330459,50.9008040959999],[0.275415687055075,50.9011126911253],[0.275773043927577,50.9014068398059],[0.275876052097719,50.9015615500536],[0.27622318452695,50.9016508088346],[0.276745122702645,50.9018087700697],[0.277213654544834,50.9020403229739],[0.277614239706191,50.9021936344574],[0.27804902640927,50.9023727101581],[0.278318362993177,50.902427324709],[0.278498590429633,50.902604545439]]},"properties":{"OBJECTID":4461,"StatusDescr":"Footpath","Path_Name":"Hellingly 63","Shape__Length":337.97938047863687,"GlobalID":"a4f247e6-1aff-4c74-9155-f0b003c89531"}},{"type":"Feature","id":4462,"geometry":{"type":"LineString","coordinates":[[0.27638462481008,50.9041209998597],[0.276763829955572,50.9040889605419],[0.277248833080573,50.9038857436362],[0.277955327221042,50.9035451213047],[0.278672043483084,50.9034093901894],[0.279125089453033,50.903424683598],[0.279502519572227,50.9032457194563],[0.279338950667102,50.9026747401673]]},"properties":{"OBJECTID":4462,"StatusDescr":"Footpath","Path_Name":"Hellingly 64","Shape__Length":312.59521794029513,"GlobalID":"112efd33-4197-4b74-af3a-320dc4550750"}},{"type":"Feature","id":4463,"geometry":{"type":"LineString","coordinates":[[0.248290600105839,50.9183894242017],[0.248418067063982,50.91841807705],[0.24886316159353,50.9183385907728],[0.249856692556184,50.9180504953633],[0.25006192414738,50.9180200080072],[0.250687434970964,50.9179600425038],[0.251525096189864,50.9178876870715],[0.251689716649453,50.9178712028411],[0.25187617305385,50.9178645393508],[0.251983640968242,50.9177972824838],[0.252215010342493,50.9176628228405],[0.252423267587741,50.9176563710318],[0.252592114499359,50.9176441677833],[0.252990250001743,50.9176137283995],[0.253081785864284,50.9175710002022],[0.253318260899803,50.9174731328781],[0.253429797382242,50.9174946570949],[0.254119121929544,50.9176798743999],[0.255130791546223,50.9179491898638],[0.255467204354136,50.9180405966978]]},"properties":{"OBJECTID":4463,"StatusDescr":"Bridleway","Path_Name":"Hellingly 66a","Shape__Length":541.7344048073066,"GlobalID":"6cbaa109-d6f0-447a-895c-14ca473bd70d"}},{"type":"Feature","id":4464,"geometry":{"type":"LineString","coordinates":[[0.255467204354136,50.9180405966978],[0.256221124056606,50.9182480239684],[0.256314124342885,50.9182752208584],[0.256577385776794,50.9183521759146],[0.257397939046033,50.9186564934049],[0.257850006301918,50.9188176787591],[0.258142812427684,50.9188903345305]]},"properties":{"OBJECTID":4464,"StatusDescr":"Bridleway","Path_Name":"Hellingly 66b","Shape__Length":210.92611330930717,"GlobalID":"30075291-3bac-40dc-87d8-f0fb04045881"}},{"type":"Feature","id":4465,"geometry":{"type":"LineString","coordinates":[[0.247388072998516,50.9122282722018],[0.247580741102251,50.9123282886174],[0.247793572739011,50.9124603932088],[0.247870984730302,50.9126515506084],[0.247979196510305,50.9127674290639],[0.248068236710547,50.9128305410226],[0.248757917679162,50.9132097320022],[0.249387525766837,50.9136294517511],[0.249743088253334,50.9139367511174],[0.249903576734209,50.9140514413965],[0.250593624953556,50.9144371712767],[0.25148720528171,50.9149760474359],[0.252244520972911,50.9154717942516],[0.252703664354259,50.9157835573095],[0.252857674630679,50.915977045833],[0.253155723294678,50.91616100875],[0.253331797377551,50.9163867930977],[0.253460412966464,50.916482503387],[0.253775088893003,50.9167971337076],[0.254177998120891,50.9172280460891],[0.254348499286932,50.9173359813957],[0.254881283124358,50.9176724824363],[0.255467204354136,50.9180405966978]]},"properties":{"OBJECTID":4465,"StatusDescr":"Footpath","Path_Name":"Hellingly 67","Shape__Length":868.967737292498,"GlobalID":"191503de-3cd3-4c1d-ab11-ae2e1e992e13"}},{"type":"Feature","id":4466,"geometry":{"type":"LineString","coordinates":[[0.247488737705798,50.9119316940206],[0.247932713563745,50.9119365485144],[0.248283672625921,50.9119365248732],[0.248396893242547,50.9119278766562],[0.248497730136616,50.9118736010185],[0.248687320889727,50.9117260007325],[0.248940375116144,50.9116099915198],[0.249234024403307,50.9114800721459],[0.249651444488568,50.911347860336],[0.249916448961975,50.9112709181766],[0.250479378378016,50.9111622425997],[0.250591156532369,50.9111207916678]]},"properties":{"OBJECTID":4466,"StatusDescr":"Footpath","Path_Name":"Hellingly 68a","Shape__Length":245.43088875362287,"GlobalID":"c257d5c2-9793-48d2-b948-a15aed4bed83"}},{"type":"Feature","id":4467,"geometry":{"type":"LineString","coordinates":[[0.250591156532369,50.9111207916678],[0.250811791936168,50.9109725821132],[0.251301068583107,50.9105967573603],[0.251581601468452,50.9104016286028],[0.251863467330784,50.9102392047529],[0.25258315078244,50.9099375968942]]},"properties":{"OBJECTID":4467,"StatusDescr":"Footpath","Path_Name":"Hellingly 68b","Shape__Length":193.66453978943343,"GlobalID":"19aa4be5-65cd-4f04-8339-c0a6a9f8dc31"}},{"type":"Feature","id":4468,"geometry":{"type":"LineString","coordinates":[[0.250591156532369,50.9111207916678],[0.250618150980639,50.9110286526937],[0.250670222619279,50.9108049331938],[0.250680662151218,50.9105689779839],[0.250762847057392,50.9103251692559],[0.250794726724571,50.9101084054068],[0.250825469780705,50.9098654922557],[0.250901100889609,50.9097069644274],[0.251035154093929,50.9094686227611]]},"properties":{"OBJECTID":4468,"StatusDescr":"Footpath","Path_Name":"Hellingly 68c","Shape__Length":187.44850191085365,"GlobalID":"1d0f1fee-b398-4f70-8b42-c9d593b392bc"}},{"type":"Feature","id":4469,"geometry":{"type":"LineString","coordinates":[[0.248386858489164,50.9093106101398],[0.250378718826882,50.9098510985191],[0.250858282166152,50.9095580874618],[0.251035154093929,50.9094686227611]]},"properties":{"OBJECTID":4469,"StatusDescr":"Footpath","Path_Name":"Hellingly 69a","Shape__Length":215.27624905528083,"GlobalID":"69b50a62-1f3c-4ece-8e3d-042a6993b35b"}},{"type":"Feature","id":4470,"geometry":{"type":"LineString","coordinates":[[0.251035154093929,50.9094686227611],[0.251048326280076,50.9094724438622],[0.251735562515771,50.9096717138316],[0.252279825414847,50.909845002223],[0.25258315078244,50.9099375968942]]},"properties":{"OBJECTID":4470,"StatusDescr":"Footpath","Path_Name":"Hellingly 69b","Shape__Length":120.73866231078733,"GlobalID":"65a0c29e-0ebb-4d3d-b749-1055d30bdf54"}},{"type":"Feature","id":4471,"geometry":{"type":"LineString","coordinates":[[0.26298695666052,50.9120554011276],[0.26231693877672,50.9120744150171],[0.261749627054014,50.9120850395846],[0.261378356074178,50.9120919708239],[0.260831465833399,50.9120956387863],[0.260635522479402,50.9120993508302],[0.260553342336894,50.9121074097782],[0.260439585795561,50.9121029661813],[0.26024082607455,50.9120411785695],[0.259948622415704,50.9119680651085],[0.259615990742255,50.9119153455049],[0.259450037755904,50.9118987775822],[0.259336398078943,50.9118944133943],[0.25916910362355,50.9118451459907],[0.258924686371669,50.9116859603042],[0.258627362741049,50.9114949837132],[0.258384083047201,50.9113184005671],[0.258275537183569,50.9112396097804],[0.257930952708183,50.9111478215896],[0.256368194842895,50.9108167633725],[0.25612754808532,50.9107426474274],[0.255908690218138,50.9106942712316],[0.254954203761725,50.910581090072],[0.25481868068187,50.9105508965715],[0.254369509947885,50.9104282995214],[0.253178670000818,50.910103329199],[0.25258315078244,50.9099375968942]]},"properties":{"OBJECTID":4471,"StatusDescr":"Footpath","Path_Name":"Hellingly 69c","Shape__Length":793.1922418489132,"GlobalID":"d2ced5f9-9931-49eb-904b-3560ff722d1d"}},{"type":"Feature","id":4472,"geometry":{"type":"LineString","coordinates":[[0.269206617908371,50.9114868996056],[0.26872498930049,50.9113322598385],[0.2681099341063,50.9111931582471],[0.267923166414222,50.9111704430824],[0.267779933586902,50.9111993017216],[0.267483686618362,50.9113871446688],[0.266535395362561,50.9116865016183],[0.266122870653228,50.9117705997017],[0.26559008603846,50.911857037629],[0.265048358856035,50.9119494935391],[0.264644786135636,50.9120275585563],[0.264349653462857,50.9120508470657],[0.264142289519057,50.9120402812379],[0.26298695666052,50.9120554011276]]},"properties":{"OBJECTID":4472,"StatusDescr":"Footpath","Path_Name":"Hellingly 69d","Shape__Length":467.04602207325456,"GlobalID":"7873bd93-43fe-40bd-8b56-ec0032372e25"}},{"type":"Feature","id":4473,"geometry":{"type":"LineString","coordinates":[[0.255179494963352,50.8820674127818],[0.255191172552941,50.8821115538344],[0.255502333126503,50.8821089958953],[0.255766102212653,50.8822559056806],[0.256717689422512,50.8828049904663],[0.257472232395473,50.8832346121591]]},"properties":{"OBJECTID":4473,"StatusDescr":"Footpath","Path_Name":"Hellingly 7a","Shape__Length":213.6787319840098,"GlobalID":"ff658a54-a24c-436d-8c9a-5b6f58c800f5"}},{"type":"Feature","id":4474,"geometry":{"type":"LineString","coordinates":[[0.254455851845806,50.8813211793726],[0.254641052428584,50.8815469638262],[0.254877151720792,50.8817586515058],[0.255018850052063,50.8819328560837],[0.255179493542974,50.8820674128092]]},"properties":{"OBJECTID":4474,"StatusDescr":"Footpath","Path_Name":"Hellingly 7b","Shape__Length":97.66545003531613,"GlobalID":"11b51c6e-ed3c-4aa4-8828-c9e49e4d0eb4"}},{"type":"Feature","id":4475,"geometry":{"type":"LineString","coordinates":[[0.25445578487204,50.8813211761695],[0.254400837120156,50.8812630337599],[0.254341953907531,50.8812009084178],[0.254296846235281,50.8811527254486],[0.254206404928617,50.8810572092466],[0.254163580595149,50.8810120265436],[0.254078967569376,50.8809375413338],[0.254019724701592,50.8808845569434],[0.253907192176722,50.8807850727916],[0.253817626295318,50.8807062751617],[0.253708885937554,50.8806105255854],[0.25364582284857,50.880557106631],[0.253604203443847,50.8805240241815],[0.25354280859039,50.8804740005173],[0.253406463961283,50.8803985809963],[0.253266411226292,50.8803211400435],[0.253086537321975,50.8802416112915],[0.253023219533078,50.880214087548],[0.252871397298287,50.8801359208993],[0.252800407125403,50.8800990269478],[0.252656640226238,50.8800256538429],[0.252656631035418,50.8800254633505]]},"properties":{"OBJECTID":4475,"StatusDescr":"Footpath","Path_Name":"Hellingly 7c","Shape__Length":194.12086913366346,"GlobalID":"91f59c71-300e-4462-8bc3-824cdfc02059"}},{"type":"Feature","id":4476,"geometry":{"type":"LineString","coordinates":[[0.252654341910997,50.8800262531282],[0.251930151576131,50.8796775668747]]},"properties":{"OBJECTID":4476,"StatusDescr":"Footpath","Path_Name":"Hellingly 7d","Shape__Length":64.04510474950803,"GlobalID":"36c5cf6a-eb22-49bc-bcff-592fd0927c18"}},{"type":"Feature","id":4477,"geometry":{"type":"MultiLineString","coordinates":[[[0.250007857737407,50.9068548846967],[0.250565013713134,50.9068511591092],[0.250994224554404,50.9068603751616],[0.251067866313142,50.9068681458546],[0.251147755014319,50.9070309922072],[0.251231962810284,50.907040671686],[0.251347994380324,50.9070663939457],[0.251539286418443,50.9070918552321],[0.251690293143354,50.9071014348916],[0.251833687419777,50.9070897450373],[0.251861940301738,50.9070707581005],[0.251875044840913,50.9069139681154]],[[0.258426837410263,50.9076215565448],[0.258384999042542,50.9074912714356],[0.258319473322701,50.9074073843489],[0.25826447256713,50.9073298708212],[0.258189994689296,50.9072787946901],[0.257947912362757,50.9071719888286],[0.25763740635153,50.9071515653412],[0.257337223602104,50.9071310259368],[0.256975993588707,50.90713117563],[0.256664035896056,50.9070780444589],[0.256114380942311,50.9070162868024],[0.25567983332065,50.9069915982519],[0.255473607070443,50.9069954932766],[0.255216634768708,50.9070198841492],[0.255062282608639,50.9070293336419],[0.254917915652472,50.907032032616],[0.254543454686987,50.9069669730517],[0.25431543986039,50.9069450328819],[0.25374684190246,50.9069228431582],[0.253447800870962,50.9069284375527],[0.252807847654392,50.9069272975092],[0.25232268401558,50.9069231709345],[0.251875138293269,50.9069138412979]]]},"properties":{"OBJECTID":4477,"StatusDescr":"Footpath","Path_Name":"Hellingly 70","Shape__Length":656.7718459636283,"GlobalID":"44187d41-f5eb-4a06-b4b5-8d10f89d51b7"}},{"type":"Feature","id":4478,"geometry":{"type":"LineString","coordinates":[[0.251025404430621,50.9094867651945],[0.251042794480323,50.9094750778093],[0.251048326280076,50.9094724438622],[0.251328805679909,50.9093387914415],[0.251802142775781,50.9093037681866],[0.252255032786884,50.9092756940397],[0.252470974734443,50.9092585870123],[0.25285251248174,50.9092514921492],[0.253235210220708,50.9092705394612],[0.253367610343986,50.9092287776867],[0.253946338845666,50.9090083804772],[0.254903683437267,50.9087154787274],[0.255494071829146,50.9085276598095],[0.255808936274873,50.9084104491351],[0.256672616704351,50.9080996371149],[0.25760649520116,50.9077416264277],[0.257728776125609,50.9077066262481],[0.257934171370978,50.907683144801],[0.258160712340283,50.9076722851318],[0.258426837410263,50.9076215565448]]},"properties":{"OBJECTID":4478,"StatusDescr":"Footpath","Path_Name":"Hellingly 71a","Shape__Length":572.8999114201439,"GlobalID":"6f95ddf9-fb2f-474d-9ed4-678873228142"}},{"type":"Feature","id":4479,"geometry":{"type":"LineString","coordinates":[[0.258426837410263,50.9076215565448],[0.258846288663682,50.9075351200292],[0.259101151823644,50.9074648240159],[0.259253842254456,50.907416105344],[0.259513369984108,50.9072147998161],[0.259851126401584,50.9069137958593],[0.260287046019152,50.9064995766009],[0.260416502960288,50.9063923271591],[0.260464916574982,50.9063194584583],[0.260546263598707,50.9062917109607],[0.260673663004077,50.9062872020658],[0.260937901375199,50.9062778373316]]},"properties":{"OBJECTID":4479,"StatusDescr":"Footpath","Path_Name":"Hellingly 71b","Shape__Length":245.7937769630668,"GlobalID":"d9d7ccaf-dc9a-4243-90a6-76322136ad5b"}},{"type":"Feature","id":4480,"geometry":{"type":"LineString","coordinates":[[0.252148840158203,50.8941812872951],[0.251889659323029,50.8939176224094],[0.251536354873805,50.8936229621802],[0.251161596331794,50.8933089299906],[0.251055094905776,50.8932324064713],[0.250946577641738,50.8931099693655],[0.250917949718439,50.8929271005338],[0.250877684536463,50.8924759702657],[0.250826466066125,50.8920118419899],[0.250749221160002,50.891659610987],[0.250737565606881,50.8913913526687],[0.250795580571883,50.8912999075797],[0.250787165315497,50.8911087964087],[0.250718852033583,50.8906092354601]]},"properties":{"OBJECTID":4480,"StatusDescr":"Footpath","Path_Name":"Hellingly 72a","Shape__Length":426.26455959364154,"GlobalID":"ab902e63-5e5e-4773-8110-1648e8774e89"}},{"type":"Feature","id":4481,"geometry":{"type":"LineString","coordinates":[[0.252148840158203,50.8941812872951],[0.252429362429958,50.8944643163834],[0.252504441374555,50.8945284138796],[0.252631895749215,50.894611099035],[0.252735810897425,50.8946288709478],[0.252892752133949,50.894678357842],[0.253011551320428,50.8948005839097],[0.253606260518059,50.8954247883761],[0.254071343900337,50.8959138421304],[0.254147983312672,50.8960171945718],[0.254215884756805,50.8961534552034],[0.254212442195998,50.8963106868432]]},"properties":{"OBJECTID":4481,"StatusDescr":"Footpath","Path_Name":"Hellingly 72b","Shape__Length":285.37800594967706,"GlobalID":"59c1e566-3067-457f-8ee8-776193d7c67f"}},{"type":"Feature","id":4482,"geometry":{"type":"LineString","coordinates":[[0.254218828809721,50.8963147753254],[0.254904343851069,50.8965597819238],[0.256337390867391,50.8970046636478],[0.25700772059017,50.8972344722174],[0.257413882728678,50.8973185987551],[0.25747527919012,50.8973174472744],[0.25758914401888,50.8973152980166],[0.259170856538504,50.8978555565144],[0.259298575176359,50.8981806295705],[0.25931173848529,50.8984816794206],[0.259459876628831,50.8987998041023],[0.25952196549475,50.8990410023411],[0.259568378816599,50.8993938247576],[0.259523954647056,50.8997941655508],[0.259411421992388,50.9000516988221],[0.259334421831359,50.9004133776416],[0.259246973820753,50.9007751759694],[0.259252727036636,50.9009060693919],[0.259408228721127,50.9011585898129],[0.259680971243804,50.9014940726363],[0.259981997173477,50.901770040678],[0.26024266488784,50.9023022244874],[0.260315070794164,50.9025432234941],[0.260337404748852,50.9028178335596],[0.260427036654032,50.9032156677467],[0.26052699462086,50.9036134026074],[0.260572891936977,50.9039531036053],[0.260573753971408,50.9042084391351],[0.260618703848583,50.9045285607941],[0.260718457737414,50.9049196349395],[0.260769361907056,50.9053772087509],[0.260801222394084,50.9058677847203],[0.260849045211142,50.9060175498632],[0.260937901375199,50.9062778373316]]},"properties":{"OBJECTID":4482,"StatusDescr":"Footpath","Path_Name":"Hellingly 72c","Shape__Length":1351.81050674591,"GlobalID":"e54d7c03-28a7-4e83-aead-14497e8e7d32"}},{"type":"Feature","id":4483,"geometry":{"type":"LineString","coordinates":[[0.260937901375199,50.9062778373316],[0.261224374012336,50.9064558917524],[0.261342084304741,50.906551886554],[0.261483235151532,50.9067129645367],[0.261571160598914,50.9068357910638],[0.261729295581665,50.9069114046147],[0.262511419828569,50.9073290874418],[0.263526064702511,50.907873349311],[0.264470020587399,50.9084516134747],[0.265015410657581,50.9088868231696],[0.265580405768682,50.9092953947452],[0.266164766799428,50.9096774154918],[0.266590270338816,50.9099641637965],[0.266802809078239,50.9101042542528],[0.266897093050749,50.9101352419308],[0.267220236735674,50.910207733468],[0.267692062876516,50.9103757826906],[0.268157669384798,50.9106355813119],[0.268563603323858,50.9109488569305],[0.269206617908371,50.9114868996056]]},"properties":{"OBJECTID":4483,"StatusDescr":"Footpath","Path_Name":"Hellingly 72d","Shape__Length":829.2202088114681,"GlobalID":"8eacb08f-3190-40fc-b54a-ba04e7f85468"}},{"type":"Feature","id":4484,"geometry":{"type":"LineString","coordinates":[[0.269206617908371,50.9114868996056],[0.269421162809979,50.9116728060952],[0.269582468737786,50.9118204513032],[0.26970968515251,50.911896656174],[0.269972443955466,50.9120030357628],[0.270193952633007,50.912110217001],[0.270332017775352,50.9121993295737],[0.270631934417948,50.9123679321976],[0.270768867174948,50.9124240731741],[0.270986596752877,50.912439252592],[0.2712346483099,50.9124407213818],[0.271513610223294,50.9124415027165],[0.271874873513582,50.9124341107189],[0.272173318073564,50.9124082455939],[0.272450367740702,50.9123697730768],[0.272572439784252,50.9123279216047],[0.272914421929259,50.9122424958629],[0.273211160208643,50.9121845693536],[0.273406262280144,50.9121612657031],[0.273663464800704,50.9121433042073],[0.274083115424715,50.9120633774093],[0.274516570954883,50.9119457457952]]},"properties":{"OBJECTID":4484,"StatusDescr":"Footpath","Path_Name":"Hellingly 72e","Shape__Length":425.6650694803515,"GlobalID":"3d4fd651-7809-40fd-bbad-f9b591af6bcf"}},{"type":"Feature","id":4485,"geometry":{"type":"LineString","coordinates":[[0.278038636281406,50.9163279720202],[0.277808618049459,50.9162501036032],[0.277303741022733,50.9160537883299],[0.276791079820199,50.9158628283689],[0.276360749769224,50.9156959823003],[0.276219922281689,50.9156369593743],[0.276132795012749,50.9153395229364],[0.276001938491627,50.9151460600892],[0.275792825365499,50.9148459570627],[0.275564217386524,50.9146492827932],[0.275363781665903,50.9143592610705],[0.275222605235026,50.9141197088474],[0.275130550978133,50.9138894269069],[0.27510831733931,50.9137608431212],[0.275022860609507,50.9134995070715]]},"properties":{"OBJECTID":4485,"StatusDescr":"Footpath","Path_Name":"Hellingly 73","Shape__Length":404.0763436248038,"GlobalID":"553b044b-a019-4188-bea7-e7403e3842cf"}},{"type":"Feature","id":4486,"geometry":{"type":"LineString","coordinates":[[0.274610970954352,50.9116937138419],[0.275012905371645,50.9117335315715],[0.275528361087209,50.9117589096475],[0.27610089258912,50.9117830862223],[0.27646740135863,50.911863189741],[0.276922926831802,50.9118982673846],[0.277609201121712,50.9118600281481],[0.278159692284033,50.9118243809613],[0.278615149782517,50.9117906762223],[0.279113150103928,50.9117557199669],[0.279674884501904,50.9116971545276],[0.280027281335825,50.911687293161]]},"properties":{"OBJECTID":4486,"StatusDescr":"Footpath","Path_Name":"Hellingly 74","Shape__Length":384.56852064868195,"GlobalID":"d8829040-83d4-423d-91af-29e7336a96c3"}},{"type":"Feature","id":4487,"geometry":{"type":"LineString","coordinates":[[0.26298695666052,50.9120554011276],[0.263324439774298,50.9125247665123],[0.26356437445938,50.913004839207],[0.263768730937018,50.9133873254574],[0.264020587086778,50.9138999666287],[0.26427473650092,50.9142421075493],[0.264518128352057,50.9145779756328],[0.264726264148458,50.9148227259876],[0.264949986358001,50.9151785804958],[0.265283529375607,50.9156698637026],[0.265614968382023,50.9161153379103],[0.265879966938237,50.916470288827],[0.266088322158272,50.9167216888846],[0.266249167245765,50.9168429182334],[0.266515046387508,50.9171619273627]]},"properties":{"OBJECTID":4487,"StatusDescr":"Footpath","Path_Name":"Hellingly 75","Shape__Length":621.8048289512761,"GlobalID":"d0db6fc1-93b5-4ef6-97ef-637c1d7d67a2"}},{"type":"Feature","id":4488,"geometry":{"type":"LineString","coordinates":[[0.240872423970772,50.8896816821935],[0.242147519533176,50.889107921512],[0.24353387840828,50.8884862373079]]},"properties":{"OBJECTID":4488,"StatusDescr":"Footpath","Path_Name":"Hellingly 8","Shape__Length":229.67336559690182,"GlobalID":"3d9ff340-dc3b-429e-a8d4-8337b5fdc436"}},{"type":"Feature","id":4489,"geometry":{"type":"LineString","coordinates":[[0.246487578867071,50.8885182907966],[0.246600066283145,50.8881223993771]]},"properties":{"OBJECTID":4489,"StatusDescr":"Footpath","Path_Name":"Hellingly 9a","Shape__Length":44.743944177071505,"GlobalID":"903a8f5e-35ee-4013-8d12-d071e28c6821"}},{"type":"Feature","id":4490,"geometry":{"type":"LineString","coordinates":[[0.245890560070971,50.8883633762955],[0.246487721372362,50.8885212524311]]},"properties":{"OBJECTID":4490,"StatusDescr":"Footpath","Path_Name":"Hellingly 9b","Shape__Length":45.53928098579154,"GlobalID":"75e0dc25-f91e-401f-9699-a31e5f40c68f"}},{"type":"Feature","id":4491,"geometry":{"type":"LineString","coordinates":[[0.246160416983462,50.8886508686283],[0.246082803866131,50.8888930578569],[0.246377870039549,50.8889230298233],[0.246553929420433,50.8888720976893],[0.246750536630283,50.8887598578946],[0.246487721372362,50.8885212524311]]},"properties":{"OBJECTID":4491,"StatusDescr":"Footpath","Path_Name":"Hellingly 9c","Shape__Length":113.12040935687806,"GlobalID":"a39257fe-a333-4341-8c52-37e243962554"}},{"type":"Feature","id":4492,"geometry":{"type":"LineString","coordinates":[[0.255451791251305,50.9196261450082],[0.255611754882451,50.9193589600097],[0.255851915611438,50.9189627319313],[0.256111410631698,50.9185691650742],[0.256344462338744,50.9182246781627],[0.25652811023382,50.9179509631609],[0.256860688894468,50.917480093488],[0.257389869589284,50.9168050733798],[0.257682482306744,50.9164017561253],[0.257873801568051,50.9160884282095],[0.2580494067303,50.915748084193],[0.258156276899395,50.9154758515603],[0.258264713027988,50.9151368064756],[0.258360321823549,50.9147312273752],[0.258396453715868,50.9142873356163],[0.258355781462145,50.9137447561669],[0.258315156831205,50.9133023501858],[0.258287262689089,50.9127261328584],[0.258258730755879,50.9123350968993],[0.258261281712504,50.9118918546595],[0.258306907782887,50.9115449181057],[0.258346609788533,50.911273984482],[0.258480734630923,50.9108706952727],[0.25863071695926,50.9104974542151],[0.258729446143201,50.9102557334419],[0.258914470926691,50.9099121699604],[0.259235173124603,50.9093959882536],[0.259574907654981,50.9088764017244],[0.259855951213718,50.9084338395029],[0.259917816720564,50.9083233609192],[0.259957558239686,50.9081526002405],[0.260008948872373,50.9080241109211],[0.260100768776172,50.907937337511],[0.26024838536027,50.9078130566757],[0.260406959218052,50.9075185712726],[0.260566309554346,50.9070419366616],[0.260634575339499,50.9066672395355],[0.260672107575487,50.9064509871691],[0.260687809680364,50.9061805171158],[0.26069171526341,50.9058647422496],[0.260672373143681,50.9055645956695],[0.260651121321651,50.9052250236527],[0.260618029964361,50.9050374587853],[0.260578085946572,50.9048075287765],[0.260482444391982,50.9045179669528],[0.260246972476188,50.9039184480085],[0.260047575468413,50.9033698351379],[0.259834479472933,50.9027364905369],[0.259612532112652,50.9021184958397],[0.259426267684367,50.901642480716],[0.259232273884956,50.9011059044436],[0.25901665500453,50.9006183150887],[0.258547409425506,50.8994526299805],[0.258333812783352,50.898907324599],[0.258179623725396,50.8985976439393],[0.257638531625598,50.8975335198114],[0.257491346094559,50.89726923606],[0.257284270382989,50.8969575416777],[0.257004341518273,50.8965288684903],[0.256440918470869,50.8957960471698],[0.256079629255377,50.8953719801062],[0.255604830816979,50.894883323415],[0.255221044903646,50.8944900446223],[0.254726350698147,50.8939865908001],[0.25437116641204,50.8934895466602],[0.25414769257128,50.8931356657101],[0.253918110874124,50.8927545816038],[0.253768326834116,50.8924357038522],[0.253589738509901,50.8920172074865],[0.253446181634852,50.8916283915491],[0.253314524233482,50.8911877397672],[0.253053591942668,50.8904551331036],[0.252916158099004,50.8900935181002],[0.252929335903261,50.8899688056246],[0.252949212282389,50.8898834253523],[0.252938417019,50.8897591756343],[0.252804566998346,50.8896706918786],[0.252740443738517,50.8895353288618],[0.252652716620959,50.8892091810866],[0.252495783687146,50.8887416964249],[0.252315612040251,50.8882898380854],[0.252179326442986,50.8878523097553],[0.251963957782638,50.8872675647661],[0.251848612702997,50.8868660598695],[0.251712337626627,50.8864285316833],[0.25157401633823,50.8859485440554],[0.251347290521473,50.8852274162606],[0.251049826811028,50.8845319368252],[0.250690278531435,50.8836433789113],[0.250556211212268,50.8832513411345],[0.250411066107257,50.8827289872295],[0.250151247535387,50.8820176043104],[0.250001054655023,50.8815894498821],[0.249916985590622,50.8812389451252],[0.249787112411604,50.8807345094115],[0.249752914441799,50.8805226789716],[0.249673175970703,50.8800628106898],[0.249608404318476,50.8796147955279],[0.249583036154513,50.8792874432043],[0.249575730242214,50.8791358064179]]},"properties":{"OBJECTID":4492,"StatusDescr":"Licensed Bridleway","Path_Name":"Cuckoo Trail - Hellingly LB","Shape__Length":4698.181248017811,"GlobalID":"f355ad9a-802d-4910-81d6-fc7512c4badd"}}]}